Workbook
Name \A: #REF!
Name \C: #REF!
Name \D: #REF!
Name \E: #REF!
Name \F: #REF!
Name \G: #REF!
Name \H: #REF!
Name \J: #REF!
Name \M: #REF!
Name \N: #REF!
Name \P: #REF!
Name \Q: #REF!
Name \R: #REF!
Name \S: #REF!
Name \T: #REF!
Name \V: #REF!
Name \X: #REF!
Name \Z: #REF!
Name ___________DAT45: #REF!
Name ___________DAT46: #REF!
Name ___________DAT47: #REF!
Name ___________DAT48: #REF!
Name ___________DAT5: #REF!
Name ___________DAT6: #REF!
Name ___________DAT7: #REF!
Name ___________DAT8: #REF!
Name ___________DAT9: #REF!
Name ___________prn01: #REF!
Name __________DAT1: #REF!
Name __________DAT10: #REF!
Name __________DAT11: #REF!
Name __________DAT12: #REF!
Name __________DAT13: #REF!
Name __________DAT14: #REF!
Name __________DAT15: #REF!
Name __________DAT16: #REF!
Name __________DAT17: #REF!
Name __________DAT18: #REF!
Name __________DAT19: #REF!
Name __________DAT2: #REF!
Name __________DAT20: #REF!
Name __________DAT21: #REF!
Name __________DAT22: #REF!
Name __________DAT23: #REF!
Name __________DAT24: #REF!
Name __________DAT25: #REF!
Name __________DAT26: #REF!
Name __________DAT27: #REF!
Name __________DAT28: #REF!
Name __________DAT29: #REF!
Name __________DAT3: #REF!
Name __________DAT30: #REF!
Name __________DAT31: #REF!
Name __________DAT32: #REF!
Name __________DAT33: #REF!
Name __________DAT34: #REF!
Name __________DAT35: #REF!
Name __________DAT36: #REF!
Name __________DAT37: #REF!
Name __________DAT38: #REF!

Sheet Rugs
A1: Location | B1: Business | C1: Section | D1: Sr_No | E1: Dept_Machine_Name | F1: Designation | G1: Machine_Count | H1: Workload | I1: Formulas | J1: BE_Scientific_Manpower | K1: Operator_Type | L1: Contractors | M1: Company_Associate | N1: BE_Final_Manpower | O1: N_shift | P1: General_Shift | Q1: Shift_A | R1: Shift_B | S1: Shift_C | T1: Reliever | U1: Remarks
A2: Vapi | B2: Rugs | C2: CHENILLE | D2: 1 | E2: Chenille Machine | F2: Chenille mc Operator | G2: 3 | H2: 2 operator/machine | I2: (3*2)*3 | J2: 18 | K2: Direct | L2: 0 | M2: 18 | N2: 18 | O2: 3 | P2: 0 | Q2: 6 | R2: 6 | S2: 6 | T2: 0
A3: Vapi | B3: Rugs | C3: CHENILLE | D3: 2 | E3: Chenille Machine | F3: Winding mc Operator | G3: 1 | H3: 1 operator/machine | I3: (1*1)*3 | J3: 3 | L3: 0 | M3: 3 | N3: 3 | O3: 3 | P3: 0 | Q3: 1 | R3: 1 | S3: 1 | T3: 0
A4: Vapi | B4: Rugs | C4: CHENILLE | D4: 3 | E4: Chenille Machine | F4: Jobber | G4: 1 | H4: 1 jobber/machine | I4: (1*1)*3 | J4: 3 | L4: 0 | M4: 3 | N4: 3 | O4: 3 | P4: 0 | Q4: 1 | R4: 1 | S4: 1 | T4: 0
A5: Vapi | B5: Rugs | C5: CHENILLE | D5: 4 | E5: Chenille Machine | F5: Fitter | G5: 3 | H5: 0 (not required) | I5: (3*0)*3 | J5: 0 | L5: 0 | M5: 0 | N5: 0 | O5: 0 | P5: 0 | Q5: 0 | R5: 0 | S5: 0 | T5: 0
A6: Vapi | B6: Rugs | C6: CHENILLE | D6: 5 | E6: Chenille Machine | F6: Material Handling | G6: 1 | H6: 1 person/machine | I6: (1*1)*3 | J6: 3 | L6: 3 | M6: 0 | N6: 3 | O6: 3 | P6: 0 | Q6: 1 | R6: 1 | S6: 1 | T6: 0
A7: Vapi | B7: Rugs | C7: Yarn Warehouse | D7: 1 | E7: Yarn Storage | F7: Jobber | G7: 0 | H7: 1 person | I7: (0*1)*3 | J7: 0 | L7: 0 | M7: 0 | N7: 0 | O7: 3 | P7: 0 | Q7: 0 | R7: 0 | S7: 0 | T7: 0
A8: Vapi | B8: Rugs | C8: Yarn Warehouse | D8: 2 | E8: Yarn Storage | F8: Material Handler (Loading, Unloading by Hand Staker) | G8: 1 | H8: 2 person/machine | I8: (1*2)*3 | J8: 6 | L8: 6 | M8: 0 | N8: 6 | O8: 3 | P8: 0 | Q8: 2 | R8: 2 | S8: 2 | T8: 0
A9: Vapi | B9: Rugs | C9: Table Tufting | D9: 1 | E9: Tufting | F9: Operator | G9: 1 | H9: 0 (not required) | I9: (1*0)*3 | J9: 0 | L9: 0 | M9: 0 | N9: 0 | O9: 1 | P9: 0 | Q9: 0 | R9: 0 | S9: 0 | T9: 0
A10: Vapi | B10: Rugs | C10: Table Tufting | D10: 2 | E10: Tufting | F10: Jobber | G10: 1 | H10: 1 jobber | I10: (1*1)*1 | J10: 1 | L10: 0 | M10: 1 | N10: 1 | O10: 1 | P10: 0 | Q10: 1 | R10: 0 | S10: 0 | T10: 0
A11: Vapi | B11: Rugs | C11: Machine Tufting | D11: 1 | E11: Machine Tufting | F11: Operator | G11: 2 | H11: 2 operator/machine | I11: (2*2)*2 | J11: 8 | L11: 0 | M11: 8 | N11: 8 | O11: 2 | P11: 0 | Q11: 4 | R11: 4 | S11: 0 | T11: 0
A12: Vapi | B12: Rugs | C12: Machine Tufting | D12: 2 | E12: Machine Tufting | F12: Jobber / DEO | G12: 1 | H12: 1 person/shift | I12: (1*1)*2 | J12: 2 | L12: 0 | M12: 2 | N12: 2 | O12: 2 | P12: 0 | Q12: 1 | R12: 1 | S12: 0 | T12: 0
A13: Vapi | B13: Rugs | C13: Machine Tufting | D13: 3 | E13: Machine Tufting | F13: Creel Boy | G13: 2 | H13: 2 person/machine | I13: (2*2)*2 | J13: 8 | L13: 8 | M13: 0 | N13: 8 | O13: 2 | P13: 0 | Q13: 4 | R13: 4 | S13: 0 | T13: 0
A14: Vapi | B14: Rugs | C14: Machine Tufting | D14: 4 | E14: CHENILE LENGTH CUTTING | F14: Operator | G14: 1 | H14: 1 operator/machine | I14: (1*1)*2 | J14: 2 | L14: 0 | M14: 2 | N14: 2 | O14: 2 | P14: 0 | Q14: 1 | R14: 1 | S14: 0 | T14: 0
... A21: Vapi | B21: Rugs | C21: Roll Receiving | D21: 6 | E21: Conveyor | F21: Jobber (Roll Finding, Entry in System, Bin Updattion) | G21: 0 | H21: 1 jobber/machine | I21: (0*1)*1 | J21: 0 | L21: 0 | M21: 0 | N21: 0 | O21: 1 | P21: 0 | Q21: 0 | R21: 0 | S21: 0 | T21: 0
A22: Vapi | B22: Rugs | C22: Coating | D22: 1 | E22: Latex Coating | F22: OPERATOR (MONORAIL-ROLL RECEIVING, ROLL STORAGE & SHIFTING) | G22: 1 | H22: 2 operator/machine | I22: (1*2)*3 | J22: 6 | L22: 6 | M22: 0 | N22: 6 | O22: =ROUNDUP((Coating!$C$13/(1/3)),0) -> 3 | P22: 0 | Q22: 2 | R22: 2 | S22: 2 | T22: 0
A23: Vapi | B23: Rugs | C23: Coating | D23: 2 | E23: Latex Coating | F23: OPERATOR (RE-ROLLING) | G23: 0 | H23: 0 (not required) | I23: (0*0)*3 | J23: 0 | L23: 0 | M23: 0 | N23: 0 | O23: =ROUNDUP((Coating!$C$13/(1/3)),0) -> 3 | P23: 0 | Q23: 0 | R23: 0 | S23: 0 | T23: 0
A24: Vapi | B24: Rugs | C24: Coating | D24: 3 | E24: Latex Coating | F24: OPERATOR (STITCHING & Feeding) | G24: =Coating!$C$13 -> 0.73804571 | H24: 1 operator/machine | I24: (1*1)*2.15 | J24: 2.15 | L24: 0 | M24: 3 | N24: 3 | O24: =ROUNDUP((Coating!$C$13/(1/3)),0) -> 3 | P24: 0 | Q24: 1 | R24: 1 | S24: 1 | T24: 0
A25: Vapi | B25: Rugs | C25: Coating | D25: 4 | E25: Latex Coating | F25: OPERATOR (PRE-COAT APPLICATION HEAD) | G25: =Coating!$C$13 -> 0.73804571 | H25: 1 operator/machine | I25: (1*1)*2.15 | J25: 2.15 | L25: 0 | M25: 3 | N25: 3 | O25: =ROUNDUP((Coating!$C$13/(1/3)),0) -> 3 | P25: 0 | Q25: 1 | R25: 1 | S25: 1 | T25: 0
A26: Vapi | B26: Rugs | C26: Coating | D26: 5 | E26: Latex Coating | F26: OPERATOR (MAIN COAT APPLICATION HEAD) | G26: =Coating!$C$13 -> 0.73804571 | H26: 1 operator/machine | I26: (1*1)*2.15 | J26: 2.15 | L26: 0 | M26: 3 | N26: 3 | O26: =ROUNDUP((Coating!$C$13/(1/3)),0) -> 3 | P26: 0 | Q26: 1 | R26: 1 | S26: 1 | T26: 0
A27: Vapi | B27: Rugs | C27: Coating | D27: 6 | E27: Latex Coating | F27: OPERATOR (LATEX KITCHEN) | G27: =Coating!$C$13 -> 0.73804571 | H27: 1 operator/machine | I27: (1*1)*2.15 | J27: 2.15 | L27: 0 | M27: 3 | N27: 3 | O27: =ROUNDUP((Coating!$C$13/(1/3)),0) -> 3 | P27: 0 | Q27: 1 | R27: 1 | S27: 1 | T27: 0
A28: Vapi | B28: Rugs | C28: Coating | D28: 7 | E28: Latex Coating | F28: OPERATOR (ROLL WINDING, STAKING) | G28: 1 | H28: 2 operator/machine | I28: (1*2)*3 | J28: 6 | L28: 6 | M28: 0 | N28: 6 | O28: =ROUNDUP((Coating!$C$13/(1/3)),0) -> 3 | P28: 0 | Q28: 2 | R28: 2 | S28: 2 | T28: 0
A29: Vapi | B29: Rugs | C29: Coating | D29: 8 | E29: Latex Coating | F29: JOBBER (PRE COAT, MAIN COAT) | G29: 1 | H29: 1 jobber/machine | I29: (1*1)*3 | J29: 3 | L29: 0 | M29: 3 | N29: 3 | O29: =ROUNDUP((Coating!$C$13/(1/3)),0) -> 3 | P29: 0 | Q29: 1 | R29: 1 | S29: 1 | T29: 0
A30: Vapi | B30: Rugs | C30: Coating | D30: 9 | E30: Latex Coating | F30: MATERIAL HANDLER (CLEANING & WASTAGE DISPOSEL) | G30: 1 | H30: 2 person/machine | I30: (1*2)*3 | J30: 6 | L30: 6 | M30: 0 | N30: 6 | O30: =ROUNDUP((Coating!$C$13/(1/3)),0) -> 3 | P30: 0 | Q30: 2 | R30: 2 | S30: 2 | T30: 0
A31: Vapi | B31: Rugs | C31: Coating | D31: 10 | E31: Latex Coating | F31: DATA OPERATOR / MONITOR | G31: 1 | H31: 1 person/machine | I31: (1*1)*3 | J31: 3 | L31: 0 | M31: 3 | N31: 3 | O31: =ROUNDUP((Coating!$C$13/(1/3)),0) -> 3 | P31: 0 | Q31: 1 | R31: 1 | S31: 1 | T31: 0
A32: Vapi | B32: Rugs | C32: Coating | D32: 11 | E32: Latex Coating | F32: OPERATOR (PCS RECOVERY) | G32: 1 | H32: 3 operator/machine | I32: (1*3)*3 | J32: 9 | L32: 9 | M32: 2 | N32: 11 | O32: =ROUNDUP((Coating!$C$13/(1/3)),0) -> 3 | P32: 0 | Q32: 4 | R32: 4 | S32: 4 | T32: 0
A33: Vapi | B33: Rugs | C33: Coating | D33: 12 | E33: Latex Compaunding | F33: OPERATOR (RAW MATERIAL LOADING AND MIXING) | G33: 1 | H33: 3 operator/machine | I33: (1*3)*3 | J33: 9 | L33: 9 | M33: 0 | N33: 9 | O33: =ROUNDUP((Coating!$C$13/(1/3)),0) -> 3 | P33: 0 | Q33: 3 | R33: 3 | S33: 3 | T33: 0
A34: Vapi | B34: Rugs | C34: Cut & Sew | D34: 1 | E34: Length Cutting | F34: Operator | G34: =ROUND(CS!$D$56,0) -> 1 | H34: 1 operator/machine | I34: (1*1)*3 | J34: 2.04 | L34: 0 | M34: 3 | N34: 3 | O34: 3 | P34: 0 | Q34: 1 | R34: 1 | S34: 1 | T34: 0
A35: Vapi | B35: Rugs | C35: Cut & Sew | D35: 2 | E35: Length Cutting | F35: Operator (Roll Feeder / Roll to Roll stitching) | G35: =ROUND(CS!$D$56,0) -> 1 | H35: 2 operator/machine | I35: (1*2)*3 | J35: 6 | L35: 6 | M35: 0 | N35: 6 | O35: 3 | P35: 0 | Q35: 2 | R35: 2 | S35: 2 | T35: 0
A36: Vapi | B36: Rugs | C36: Cut & Sew | D36: 3 | E36: Length Cutting | F36: Material Handler | G36: =ROUND(CS!$D$56,0) -> 1 | H36: 1 person/machine | I36: (1*1)*3 | J36: 3 | L36: 3 | M36: 0 | N36: 3 | O36: 3 | P36: 0 | Q36: 1 | R36: 1 | S36: 1 | T36: 0
A37: Vapi | B37: Rugs | C37: Cut & Sew | D37: 4 | E37: Length Over edging | F37: Operator | G37: =ROUNDUP(CS!D61,0) -> 3 | H37: 1 operator/machine | I37: (3*1)*3 | J37: 9 | L37: 0 | M37: 9 | N37: 9 | O37: 3 | P37: 0 | Q37: 3 | R37: 3 | S37: 3 | T37: 0
A38: Vapi | B38: Rugs | C38: Cut & Sew | D38: 5 | E38: Length Over edging | F38: Material Handler (Trolly movment) | G38: 2 | H38: 1 person/machine | I38: (2*1)*3 | J38: 6 | L38: 6 | M38: 0 | N38: 6 | O38: 3 | P38: 0 | Q38: 2 | R38: 2 | S38: 2 | T38: 0
A39: Vapi | B39: Rugs | C39: Cut & Sew | D39: 6 | E39: Automaic Shape Cutting m/c | F39: Cutter Operator | G39: =ROUNDUP(CS!$D$70,0) -> 1 | H39: 1 operator/machine | I39: (1*1)*3 | J39: 3 | L39: 0 | M39: 3 | N39: 3 | O39: 3 | P39: 0 | Q39: 1 | R39: 1 | S39: 1 | T39: 0
A40: Vapi | B40: Rugs | C40: Cut & Sew | D40: 7 | E40: Automaic Shape Cutting m/c | F40: Spreader Operator /layering | G40: =ROUNDUP(CS!$D$70,0) -> 1 | H40: 1 operator/machine | I40: (1*1)*3 | J40: 3 | L40: 3 | M40: 0 | N40: 3 | O40: 3 | P40: 0 | Q40: 1 | R40: 1 | S40: 1 | T40: 0
A41: Vapi | B41: Rugs | C41: Cut & Sew | D41: 8 | E41: Automaic Shape Cutting m/c | F41: Material Handler | G41: =ROUNDUP(CS!$D$70,0) -> 1 | H41: 2 person/machine | I41: (1*2)*3 | J41: 6 | L41: 6 | M41: 0 | N41: 6 | O41: 3 | P41: 0 | Q41: 2 | R41: 2 | S41: 2 | T41: 0
A42: Vapi | B42: Rugs | C42: Cut & Sew | D42: 9 | E42: Cross Cutting | F42: Operator | G42: =ROUND(CS!D61,0) -> 2 | H42: 1 operator/machine | I42: (2*1)*3 | J42: 6 | L42: 0 | M42: 6 | N42: 6 | O42: 3 | P42: 0 | Q42: 2 | R42: 2 | S42: 2 | T42: 0
A43: Vapi | B43: Rugs | C43: Cut & Sew | D43: 10 | E43: Cross Cutting | F43: Material Handler (Pcs Collating, Bundling, Palating,Shifting) | G43: 1 | H43: 2 person/machine | I43: (1*2)*3 | J43: 6 | L43: 6 | M43: 0 | N43: 6 | O43: 3 | P43: 0 | Q43: 2 | R43: 2 | S43: 2 | T43: 0
A44: Vapi | B44: Rugs | C44: Cut & Sew | D44: 11 | E44: Manual Cutting | F44: (750 Pcs Per Person output considered) | G44: =ROUNDUP(CS!D66/3,0) -> 10 | H44: 1 person | I44: (10*1)*3 | J44: 28.9 | L44: 29 | M44: 29 | N44: 58 | O44: 3 | P44: 0 | Q44: 19 | R44: 19 | S44: 19 | T44: 0
A45: Vapi | B45: Rugs | C45: Cut & Sew | D45: 12 | E45: Piping / Canvs Cutting | F45: Operator | G45: 1 | H45: 0 (not required) | I45: (1*0)*3 | J45: 0 | L45: 0 | M45: 0 | N45: 0 | O45: 3 | P45: 0 | Q45: 0 | R45: 0 | S45: 0 | T45: 0
A46: Vapi | B46: Rugs | C46: Cut & Sew | D46: 13 | E46: Trims / Wastage Collection | F46: Material Handler | G46: 1 | H46: 1 person/machine | I46: (1*1)*3 | J46: 3 | L46: 3 | M46: 0 | N46: 3 | O46: 3 | P46: 0 | Q46: 1 | R46: 1 | S46: 1 | T46: 0
A47: Vapi | B47: Rugs | C47: Cut & Sew | D47: 14 | E47: Down Grade Packing | F47: Packer | G47: 1 | H47: 2 person/machine | I47: (1*2)*3 | J47: 6 | L47: 6 | M47: 0 | N47: 6 | O47: 3 | P47: 0 | Q47: 2 | R47: 2 | S47: 2 | T47: 0
A48: Vapi | B48: Rugs | C48: Cut & Sew | D48: 15 | E48: DEO - Booking | F48: Mis Floor Co-Ordinator (C Part, S Part, D Grade, Piping) | G48: 1 | H48: 1 person/machine | I48: (1*1)*3 | J48: 3 | L48: 0 | M48: 3 | N48: 3 | O48: 3 | P48: 0 | Q48: 1 | R48: 1 | S48: 1 | T48: 0
A49: Vapi | B49: Rugs | C49: Cut & Sew | D49: 16 | E49: Stitching m/c | F49: Overlock Machine | G49: 6 | H49: 1 operator/machine | I49: (6*1)*3 | J49: 18 | L49: 0 | M49: 18 | N49: 18 | O49: 3 | P49: 0 | Q49: 6 | R49: 6 | S49: 6 | T49: 0
A50: Vapi | B50: Rugs | C50: Cut & Sew | D50: 17 | E50: Stitching m/c | F50: Jobber | G50: 1 | H50: 1 jobber/machine | I50: (1*1)*3 | J50: 3 | L50: 0 | M50: 3 | N50: 3 | O50: 3 | P50: 0 | Q50: 1 | R50: 1 | S50: 1 | T50: 0
A51: Vapi | B51: Rugs | C51: Cut & Sew | D51: 18 | E51: Stitching m/c | F51: Material Handler | G51: 1 | H51: 2 person/machine | I51: (1*2)*3 | J51: 6 | L51: 6 | M51: 0 | N51: 6 | O51: 3 | P51: 0 | Q51: 2 | R51: 2 | S51: 2 | T51: 0
A52: Vapi | B52: Rugs | C52: Cut & Sew | D52: 19 | E52: Stitching m/c | F52: Union - Stitcher + Tape Binding | G52: =ROUND(CS!D85,0) -> 36 | H52: 1 operator/machine | I52: (36*1)*3 | J52: 108.57 | L52: 54 | M52: 54 | N52: 109 | O52: 3 | P52: 0 | Q52: 36 | R52: 36 | S52: 36 | T52: 0
A53: Vapi | B53: Rugs | C53: Cut & Sew | D53: 20 | E53: Stitching m/c | F53: Bartack - Stitcher (Tape Binding + Over Edgimg) | G53: =ROUND(CS!D95,0) -> 20 | H53: 1 operator/machine | I53: (20*1)*3 | J53: 59.97 | L53: 30 | M53: 30 | N53: 60 | O53: 3 | P53: 0 | Q53: 20 | R53: 20 | S53: 20 | T53: 0
A54: Vapi | B54: Rugs | C54: Cut & Sew | D54: 21 | E54: Stitching m/c | F54: Jobber | G54: 1 | H54: 1 jobber/machine | I54: (1*1)*3 | J54: 3 | L54: 0 | M54: 3 | N54: 3 | O54: 3 | P54: 0 | Q54: 1 | R54: 1 | S54: 1 | T54: 0
A55: Vapi | B55: Rugs | C55: Cut & Sew | D55: 22 | E55: Stitching m/c | F55: Material Handler | G55: 1 | H55: 2 person/machine | I55: (1*2)*3 | J55: 6 | L55: 6 | M55: 0 | N55: 6 | O55: 3 | P55: 0 | Q55: 2 | R55: 2 | S55: 2 | T55: 0
A56: Vapi | B56: Rugs | C56: Cut & Sew | D56: 23 | E56: Stitching m/c | F56: Titan - Stitcher | G56: =ROUND(CS!D90,0) -> 17 | H56: 1 operator/machine | I56: (17*1)*3 | J56: 52.29 | L56: 26 | M56: 26 | N56: 52 | O56: 3 | P56: 0 | Q56: 17 | R56: 17 | S56: 17 | T56: 0
A57: Vapi | B57: Rugs | C57: Cut & Sew | D57: 24 | E57: Stitching m/c | F57: IMS Checker - Counting & Bundling | G57: =(CS!D9+CS!D16+CS!D23)/7500 -> 7.4765333 | H57: 1 person/machine | I57: (1*7.48)*3 | J57: 22.43 | L57: 22 | M57: 0 | N57: 22 | O57: 3 | P57: 0 | Q57: 7 | R57: 7 | S57: 7 | T57: 0
A58: Vapi | B58: Rugs | C58: Cut & Sew | D58: 25 | E58: Stitching m/c | F58: DEO | G58: 1 | H58: 2 person/machine | I58: (1*2)*3 | J58: 6 | L58: 0 | M58: 6 | N58: 6 | O58: 3 | P58: 0 | Q58: 2 | R58: 2 | S58: 2 | T58: 0
A59: Vapi | B59: Rugs | C59: Cut & Sew | D59: 26 | E59: Stitching m/c | F59: Jobber | G59: 1 | H59: 1 jobber/machine | I59: (1*1)*3 | J59: 3 | L59: 0 | M59: 3 | N59: 3 | O59: 3 | P59: 0 | Q59: 1 | R59: 1 | S59: 1 | T59: 0
A60: Vapi | B60: Rugs | C60: Cut & Sew | D60: 27 | E60: Stitching m/c | F60: Helper / Store | G60: 1 | H60: 1 person/machine | I60: (1*1)*3 | J60: 3 | L60: 3 | M60: 0 | N60: 3 | O60: 3 | P60: 0 | Q60: 1 | R60: 1 | S60: 1 | T60: 0
A61: Vapi | B61: Rugs | C61: Cut & Sew | D61: 28 | E61: Stitching m/c | F61: Fitter & Electrician | G61: 1 | H61: 3 person/machine | I61: (1*3)*3 | J61: 9 | L61: 0 | M61: 9 | N61: 9 | O61: 3 | P61: 0 | Q61: 3 | R61: 3 | S61: 3 | T61: 0
A62: Vapi | B62: Rugs | C62: Cut & Sew | D62: 29 | E62: Sample - Stitcher | F62: Stitcher | G62: 1 | H62: 1 operator/machine | I62: (1*1)*3 | J62: 3 | L62: 0 | M62: 3 | N62: 3 | O62: 3 | P62: 0 | Q62: 1 | R62: 1 | S62: 1 | T62: 0
A63: Vapi | B63: Rugs | C63: Cut & Sew | D63: 30 | E63: Rework-Stitcher | F63: Stitcher | G63: 1 | H63: 2 operator/machine | I63: (1*2)*3 | J63: 6 | L63: 0 | M63: 6 | N63: 6 | O63: 3 | P63: 0 | Q63: 2 | R63: 2 | S63: 2 | T63: 0
A64: Vapi | B64: Rugs | C64: Dyeing | D64: 1 | E64: Paddle | F64: Operator | G64: =Dye_Mc!K4 -> 7 | H64: 1 operator/3 machine | I64: (7/3)*3 | J64: 7 | L64: 0 | M64: 0 | N64: 7 | O64: 3 | P64: 0 | Q64: 2 | R64: 2 | S64: 2 | T64: 0
A65: Vapi | B65: Rugs | C65: Dyeing | D65: 2 | E65: Paddle | F65: Material Handler | G65: 1 | H65: 12 person | I65: 12*3 | J65: 36 | L65: 0 | M65: 0 | N65: 36 | O65: 3 | P65: 0 | Q65: 12 | R65: 12 | S65: 12 | T65: 0
A66: Vapi | B66: Rugs | C66: Dyeing | D66: 3 | E66: Paddle | F66: MHE (Forklift) | G66: 1 | H66: 1 person/shift | I66: 1*3 | J66: 3 | L66: 0 | M66: 0 | N66: 3 | O66: 3 | P66: 0 | Q66: 1 | R66: 1 | S66: 1 | T66: 0
A67: Vapi | B67: Rugs | C67: Dyeing | D67: 4 | E67: EZM | F67: Operator | G67: =Dye_Mc!J4 -> 10 | H67: 1 operator/2 machine | I67: (10/2)*3 | J67: 15 | L67: 0 | M67: 0 | N67: 15 | O67: 3 | P67: 0 | Q67: 5 | R67: 5 | S67: 5 | T67: 0
A68: Vapi | B68: Rugs | C68: Dyeing | D68: 5 | E68: Jet Dyeing | F68: Operator | G68: 4 | H68: 1 operator/2 machine | I68: (4/2)*3 | J68: 6 | L68: 0 | M68: 0 | N68: 6 | O68: 3 | P68: 0 | Q68: 2 | R68: 2 | S68: 2 | T68: 0
A69: Vapi | B69: Rugs | C69: Dyeing | D69: 6 | E69: Jet Dyeing | F69: Jobber | G69: 1 | H69: 3 jobber | I69: 3*3 | J69: 9 | L69: 0 | M69: 0 | N69: 9 | O69: 3 | P69: 0 | Q69: 3 | R69: 3 | S69: 3 | T69: 0
A70: Vapi | B70: Rugs | C70: Dyeing | D70: 7 | E70: Jet Hydro | F70: Operator | G70: 1 | H70: 2 operator/shift | I70: 2*3 | J70: 6 | L70: 0 | M70: 0 | N70: 6 | O70: 3 | P70: 0 | Q70: 2 | R70: 2 | S70: 2 | T70: 0
A71: Vapi | B71: Rugs | C71: Dyeing | D71: 8 | E71: Jet Opener | F71: Operator | G71: 1 | H71: 2 operator/shift | I71: 2*3 | J71: 6 | L71: 0 | M71: 0 | N71: 6 | O71: 3 | P71: 0 | Q71: 2 | R71: 2 | S71: 2 | T71: 0
A72: Vapi | B72: Rugs | C72: Dyeing | D72: 9 | E72: Jet MM Dryer | F72: Operator | G72: 1 | H72: 1 operator/1.5 machine | I72: (1/1.5)*3 | J72: 2 | L72: 0 | M72: 0 | N72: 2 | O72: 3 | P72: 0 | Q72: 2 | R72: 2 | S72: 0 | T72: 0
A73: Vapi | B73: Rugs | C73: Dyeing | D73: 10 | E73: Hydro | F73: Operator | G73: ='Hydro '!H2 -> 6 | H73: 1 operator/machine | I73: (6*1)*3 | J73: 18 | L73: 0 | M73: 0 | N73: 18 | O73: 3 | P73: 0 | Q73: 6 | R73: 6 | S73: 6 | T73: 0
A74: Vapi | B74: Rugs | C74: Dyeing | D74: 11 | E74: Dryer | F74: Operator | G74: 18 | H74: 1 operator/3 machine | I74: (18/3)*3 | J74: 18 | L74: 0 | M74: 0 | N74: 18 | O74: 3 | P74: 0 | Q74: 6 | R74: 6 | S74: 6 | T74: 0
A75: Vapi | B75: Rugs | C75: Dyeing | D75: 12 | E75: Dryer | F75: Jobber | G75: 0 | H75: 0 (not required) | I75: 0*3 | J75: 0 | L75: 0 | M75: 0 | N75: 0 | O75: 3 | P75: 0 | Q75: 0 | R75: 0 | S75: 0 | T75: 0
A76: Vapi | B76: Rugs | C76: Dyeing | D76: 13 | E76: Dryer | F76: Material Handler | G76: 1 | H76: 4 person | I76: 4*3 | J76: 12 | L76: 0 | M76: 0 | N76: 12 | O76: 3 | P76: 0 | Q76: 4 | R76: 4 | S76: 4 | T76: 0
A77: Vapi | B77: Rugs | C77: Dyeing | D77: 14 | E77: WIP | F77: Jobber | G77: 1 | H77: 2 jobber | I77: 2*3 | J77: 6 | L77: 0 | M77: 0 | N77: 6 | O77: 3 | P77: 0 | Q77: 2 | R77: 2 | S77: 2 | T77: 0
A78: Vapi | B78: Rugs | C78: Dyeing | D78: 15 | E78: Colour Kitchen | F78: Operator | G78: 1 | H78: 2 operator/shift | I78: 2*3 | J78: 6 | L78: 0 | M78: 0 | N78: 6 | O78: 3 | P78: 0 | Q78: 2 | R78: 2 | S78: 2 | T78: 0
A79: Vapi | B79: Rugs | C79: Dyeing | D79: 16 | E79: Colour Kitchen | F79: DEO | G79: 1 | H79: 1 person/shift | I79: 1*3 | J79: 3 | L79: 0 | M79: 0 | N79: 3 | O79: 3 | P79: 0 | Q79: 1 | R79: 1 | S79: 1 | T79: 0
A80: Vapi | B80: Rugs | C80: Dyeing | D80: 17 | E80: Colour Kitchen | F80: Material Handler | G80: 0 | H80: 2 person/shift | I80: (0*2)*3 | J80: 0 | L80: 0 | M80: 0 | N80: 0 | O80: 3 | P80: 0 | Q80: 0 | R80: 0 | S80: 0 | T80: 0
A81: Vapi | B81: Rugs | C81: Dyeing | D81: 18 | E81: Sample Machine | F81: Operator | G81: 1 | H81: 2 operator/shift | I81: 2*3 | J81: 6 | L81: 0 | M81: 0 | N81: 6 | O81: 3 | P81: 0 | Q81: 2 | R81: 2 | S81: 2 | T81: 0
A82: Vapi | B82: Rugs | C82: Packing Line MP | D82: 1 | E82: Smart Line | F82: Loading | G82: 2 | H82: 1 person/line/shift | I82: (2.0*1)*3 | J82: 6 | L82: 0 | M82: 6 | N82: 6 | O82: 3 | P82: 0 | Q82: 3 | R82: 3 | S82: 3 | T82: 0 | U82: Drylon
A83: Vapi | B83: Rugs | C83: Packing Line MP | D83: 2 | E83: Smart Line | F83: Tailor | G83: 2 | H83: 3 tailor/line/shift | I83: (2.0*3)*3 | J83: 18 | L83: 0 | M83: 18 | N83: 18 | O83: 3 | P83: 0 | Q83: 6 | R83: 6 | S83: 6 | T83: 0 | U83: Drylon
A84: Vapi | B84: Rugs | C84: Packing Line MP | D84: 3 | E84: Smart Line | F84: Finisher | G84: 2 | H84: 6 finisher/line/shift | I84: (2.0*6)*3 | J84: 36 | L84: 0 | M84: 36 | N84: 36 | O84: 3 | P84: 0 | Q84: 12 | R84: 12 | S84: 12 | T84: 0 | U84: Drylon
A85: Vapi | B85: Rugs | C85: Packing Line MP | D85: 4 | E85: Smart Line | F85: Hot Air | G85: 2 | H85: 2 person/line/shift | I85: (2.0*2)*3 | J85: 12 | L85: 0 | M85: 12 | N85: 12 | O85: 3 | P85: 0 | Q85: 4 | R85: 4 | S85: 4 | T85: 0 | U85: Drylon
A86: Vapi | B86: Rugs | C86: Packing Line MP | D86: 5 | E86: Smart Line | F86: UL & AC | G86: 2 | H86: 1 person/line/shift | I86: (2.0*1)*3 | J86: 6 | L86: 0 | M86: 6 | N86: 6 | O86: 3 | P86: 0 | Q86: 2 | R86: 2 | S86: 2 | T86: 0 | U86: Drylon
A87: Vapi | B87: Rugs | C87: Packing Line MP | D87: 6 | E87: Smart Line | F87: Gunner | G87: 2 | H87: 1 person/line/shift | I87: (2.0*1)*3 | J87: 6 | L87: 0 | M87: 6 | N87: 6 | O87: 3 | P87: 0 | Q87: 2 | R87: 2 | S87: 2 | T87: 0 | U87: Drylon
A88: Vapi | B88: Rugs | C88: Packing Line MP | D88: 7 | E88: Smart Line | F88: Poly Packer | G88: 2 | H88: 4 person/line/shift | I88: (2.0*4)*3 | J88: 24 | L88: 0 | M88: 24 | N88: 24 | O88: 3 | P88: 0 | Q88: 8 | R88: 8 | S88: 8 | T88: 0 | U88: Drylon
A89: Vapi | B89: Rugs | C89: Packing Line MP | D89: 8 | E89: INA | F89: Loading | G89: 2.1 | H89: 1 person/line/shift | I89: (2.1*1)*3 | J89: 6.3 | L89: 0 | M89: 6 | N89: 6 | O89: 3 | P89: 0 | Q89: 2 | R89: 2 | S89: 2 | T89: 0 | U89: Drylon
A90: Vapi | B90: Rugs | C90: Packing Line MP | D90: 9 | E90: INA | F90: Tailor | G90: 2.1 | H90: 3 tailor/line/shift | I90: (2.1*3)*3 | J90: 18.9 | L90: 0 | M90: 19 | N90: 19 | O90: 3 | P90: 0 | Q90: 6 | R90: 6 | S90: 7 | T90: 0 | U90: Drylon
A91: Vapi | B91: Rugs | C91: Packing Line MP | D91: 10 | E91: INA | F91: Finisher | G91: 2.1 | H91: 6 finisher/line/shift | I91: (2.1*6)*3 | J91: 37.8 | L91: 0 | M91: 38 | N91: 38 | O91: 3 | P91: 0 | Q91: 12 | R91: 12 | S91: 14 | T91: 0 | U91: Drylon
A92: Vapi | B92: Rugs | C92: Packing Line MP | D92: 11 | E92: INA | F92: Hot Air | G92: 2.1 | H92: 2 person/line/shift | I92: (2.1*2)*3 | J92: 12.6 | L92: 0 | M92: 13 | N92: 13 | O92: 3 | P92: 0 | Q92: 4 | R92: 4 | S92: 5 | T92: 0 | U92: Drylon
A93: Vapi | B93: Rugs | C93: Packing Line MP | D93: 12 | E93: INA | F93: UL & AC | G93: 2.1 | H93: 1 person/line/shift | I93: (2.1*1)*3 | J93: 6.3 | L93: 0 | M93: 6 | N93: 6 | O93: 3 | P93: 0 | Q93: 2 | R93: 2 | S93: 2 | T93: 0 | U93: Drylon
... A109: Vapi | B109: Rugs | C109: Packing Line MP | D109: 28 | E109: Manual (Cotton) | F109: Poly Packer | G109: 0.5 | H109: 4 person/line/shift | I109: (0.5*4)*3 | J109: 6 | L109: 0 | M109: 6 | N109: 6 | O109: 3 | P109: 0 | Q109: 2 | R109: 2 | S109: 2 | T109: 0 | U109: Cotton
A110: Vapi | B110: Rugs | C110: Packing Support MP | D110: 29 | E110: Packing Support | F110: IMS | G110: 1 | H110: sum of required lines | I110: SUM(2.0+2.1+2.6+0.5) | J110: 21.6 | L110: 0 | M110: 22 | N110: 22 | O110: 3 | P110: 0 | Q110: 7 | R110: 7 | S110: 8 | T110: 0
A111: Vapi | B111: Rugs | C111: Packing Support MP | D111: 30 | E111: Packing Support | F111: Material Handler | G111: 1 | H111: 4 person/shift | I111: 4*3 | J111: 12 | L111: 0 | M111: 12 | N111: 12 | O111: 3 | P111: 0 | Q111: 4 | R111: 4 | S111: 4 | T111: 0
A112: Vapi | B112: Rugs | C112: Packing Support MP | D112: 31 | E112: Packing Support | F112: Line Jobber | G112: 1 | H112: sum of required lines | I112: SUM(2.0+2.1+2.6+0.5)*3 | J112: 21.6 | L112: 0 | M112: 22 | N112: 22 | O112: 3 | P112: 0 | Q112: 7 | R112: 7 | S112: 8 | T112: 0
A113: Vapi | B113: Rugs | C113: Packing Support MP | D113: 32 | E113: Packing Support | F113: Rework (Stain/Coating) | G113: 1 | H113: half of total lines | I113: ROUNDUP(SUM(lines)/2,0)*3 | J113: 12 | L113: 0 | M113: 12 | N113: 12 | O113: 3 | P113: 0 | Q113: 4 | R113: 4 | S113: 4 | T113: 0
A114: Vapi | B114: Rugs | C114: Packing Support MP | D114: 33 | E114: Packing Support | F114: Mender | G114: 1 | H114: half of total lines | I114: ROUNDUP(SUM(lines)/2,0)*3 | J114: 12 | L114: 0 | M114: 12 | N114: 12 | O114: 3 | P114: 0 | Q114: 4 | R114: 4 | S114: 4 | T114: 0
A115: Vapi | B115: Rugs | C115: Packing Support MP | D115: 34 | E115: Packing Support | F115: Carton Pkg | G115: 1 | H115: 3 x total required lines | I115: SUM(lines)*3*3 | J115: 64.8 | L115: 0 | M115: 65 | N115: 65 | O115: 3 | P115: 0 | Q115: 21 | R115: 21 | S115: 23 | T115: 0
A116: Vapi | B116: Rugs | C116: Packing Support MP | D116: 35 | E116: Packing Support | F116: Carton Pkg jobber | G116: 1 | H116: half of total lines | I116: ROUNDUP(SUM(lines)/2,0)*3 | J116: 12 | L116: 0 | M116: 12 | N116: 12 | O116: 3 | P116: 0 | Q116: 4 | R116: 4 | S116: 4 | T116: 0
A117: Vapi | B117: Rugs | C117: Packing Support MP | D117: 36 | E117: Packing Support | F117: LO packing | G117: 1 | H117: ROUNDUP(4/3,0) person/shift | I117: ROUNDUP(4/3,0)*3 | J117: 6 | L117: 0 | M117: 6 | N117: 6 | O117: 3 | P117: 0 | Q117: 2 | R117: 2 | S117: 2 | T117: 0
A118: Vapi | B118: Rugs | C118: Packing Support MP | D118: 37 | E118: Packing Support | F118: Carving/ Color Cut | G118: 1 | H118: 7 person/shift | I118: 7*3 | J118: 21 | L118: 0 | M118: 21 | N118: 21 | O118: 3 | P118: 0 | Q118: 7 | R118: 7 | S118: 7 | T118: 0
A119: Vapi | B119: Rugs | C119: Packing Support MP | D119: 38 | E119: Packing Support | F119: DEO | G119: 1 | H119: 2 person/shift | I119: 2*3 | J119: 6 | L119: 0 | M119: 6 | N119: 6 | O119: 3 | P119: 0 | Q119: 2 | R119: 2 | S119: 2 | T119: 0
A120: Vapi | B120: Rugs | C120: Packing Support MP | D120: 39 | E120: Packing Support | F120: Metal Detector | G120: 1 | H120: 6 person/shift | I120: 6*3 | J120: 18 | L120: 0 | M120: 18 | N120: 18 | O120: 3 | P120: 0 | Q120: 6 | R120: 6 | S120: 6 | T120: 0
A121: Vapi | B121: Rugs | C121: Packing Support MP | D121: 40 | E121: Packing Support | F121: Down Grade | G121: 1 | H121: 6 person/shift | I121: 6*3 | J121: 18 | L121: 0 | M121: 18 | N121: 18 | O121: 3 | P121: 0 | Q121: 6 | R121: 6 | S121: 6 | T121: 0
...

Sheet Packing&TQM
A2: Type | B2: Line | C2: Req/Day | D2: Production Capacity | E2: Reqd. Lines | F2: TQM Capacity | G2: TQM
A3: Drylon | B3: Smart Line | C3: =Capacity!F5+Capacity!F6 -> 55840.538 | D3: 4500 | E3: 2 | F3: 1200 | G3: =D3/F3 -> 3.75
A4: Drylon | B4: INA | C4: =C3 -> 55840.538 | D4: 4500 | E4: 2.1 | F4: 1200 | G4: =D4/F4 -> 3.75
A5: Chenille | B5: Manual (Chenille) | C5: =Capacity!F4 -> 11889 | D5: 1500 | E5: 2.6 | F5: 1500 | G5: =D5/F5 -> 1
A6: Cotton | B6: Manual (Cotton) | C6: =Packing!E24 -> 2365 | D6: 1500 | E6: 0.5 | F6: 800 | G6: =D6/F6 -> 1.875
A10: Location | B10: Business | C10: Section | D10: Sr_No | E10: Dept_Machine_Name | F10: Designation | G10: Machine_Count | H10: Workload | I10: Formulas | J10: BE_Scientific_Manpower | K10: Operator_Type | L10: Contractors | M10: Company_Associate | N10: BE_Final_Manpower | O10: N_shifts | P10: General_Shift | Q10: Shift_A | R10: Shift_B | S10: Shift_C | T10: Reliever | U10: Remarks
A11: Vapi | B11: Rugs | C11: Packing Line MP | D11: 1 | E11: Smart Line | F11: Loading | G11: =$E$3 -> 2 | H11: 1 person/line/shift | I11: (2.0*1)*3 | J11: =G11*1*3 -> 6 | L11: 0 | M11: =N11 -> 6 | N11: =ROUND(J11,0) -> 6 | O11: 3 | P11: 0 | Q11: =ROUNDDOWN(N11/3,0) -> 2 | R11: =ROUNDDOWN(N11/3,0) -> 2 | S11: =N11-Q11-R11 -> 2 | T11: 0 | U11: Drylon
A12: Vapi | B12: Rugs | C12: Packing Line MP | D12: 2 | E12: Smart Line | F12: Tailor | G12: =$E$3 -> 2 | H12: 3 tailor/line/shift | I12: (2.0*3)*3 | J12: =G12*3*3 -> 18 | L12: 0 | M12: =N12 -> 18 | N12: =ROUND(J12,0) -> 18 | O12: 3 | P12: 0 | Q12: =ROUNDDOWN(N12/3,0) -> 6 | R12: =ROUNDDOWN(N12/3,0) -> 6 | S12: =N12-Q12-R12 -> 6 | T12: 0 | U12: Drylon
A13: Vapi | B13: Rugs | C13: Packing Line MP | D13: 3 | E13: Smart Line | F13: Finisher | G13: =$E$3 -> 2 | H13: 6 finisher/line/shift | I13: (2.0*6)*3 | J13: =G13*6*3 -> 36 | L13: 0 | M13: =N13 -> 36 | N13: =ROUND(J13,0) -> 36 | O13: 3 | P13: 0 | Q13: =ROUNDDOWN(N13/3,0) -> 12 | R13: =ROUNDDOWN(N13/3,0) -> 12 | S13: =N13-Q13-R13 -> 12 | T13: 0 | U13: Drylon
A14: Vapi | B14: Rugs | C14: Packing Line MP | D14: 4 | E14: Smart Line | F14: Hot Air | G14: =$E$3 -> 2 | H14: 2 person/line/shift | I14: (2.0*2)*3 | J14: =G14*2*3 -> 12 | L14: 0 | M14: =N14 -> 12 | N14: =ROUND(J14,0) -> 12 | O14: 3 | P14: 0 | Q14: =ROUNDDOWN(N14/3,0) -> 4 | R14: =ROUNDDOWN(N14/3,0) -> 4 | S14: =N14-Q14-R14 -> 4 | T14: 0 | U14: Drylon
A15: Vapi | B15: Rugs | C15: Packing Line MP | D15: 5 | E15: Smart Line | F15: UL & AC | G15: =$E$3 -> 2 | H15: 1 person/line/shift | I15: (2.0*1)*3 | J15: =G15*1*3 -> 6 | L15: 0 | M15: =N15 -> 6 | N15: =ROUND(J15,0) -> 6 | O15: 3 | P15: 0 | Q15: =ROUNDDOWN(N15/3,0) -> 2 | R15: =ROUNDDOWN(N15/3,0) -> 2 | S15: =N15-Q15-R15 -> 2 | T15: 0 | U15: Drylon
A16: Vapi | B16: Rugs | C16: Packing Line MP | D16: 6 | E16: Smart Line | F16: Gunner | G16: =$E$3 -> 2 | H16: 1 person/line/shift | I16: (2.0*1)*3 | J16: =G16*1*3 -> 6 | L16: 0 | M16: =N16 -> 6 | N16: =ROUND(J16,0) -> 6 | O16: 3 | P16: 0 | Q16: =ROUNDDOWN(N16/3,0) -> 2 | R16: =ROUNDDOWN(N16/3,0) -> 2 | S16: =N16-Q16-R16 -> 2 | T16: 0 | U16: Drylon
A17: Vapi | B17: Rugs | C17: Packing Line MP | D17: 7 | E17: Smart Line | F17: Poly Packer | G17: =$E$3 -> 2 | H17: 4 person/line/shift | I17: (2.0*4)*3 | J17: =G17*4*3 -> 24 | L17: 0 | M17: =N17 -> 24 | N17: =ROUND(J17,0) -> 24 | O17: 3 | P17: 0 | Q17: =ROUNDDOWN(N17/3,0) -> 8 | R17: =ROUNDDOWN(N17/3,0) -> 8 | S17: =N17-Q17-R17 -> 8 | T17: 0 | U17: Drylon
A18: Vapi | B18: Rugs | C18: Packing Line MP | D18: 8 | E18: INA | F18: Loading | G18: =$E$4 -> 2.1 | H18: 1 person/line/shift | I18: (2.1*1)*3 | J18: =G18*1*3 -> 6.3 | L18: 0 | M18: =N18 -> 6 | N18: =ROUND(J18,0) -> 6 | O18: 3 | P18: 0 | Q18: =ROUNDDOWN(N18/3,0) -> 2 | R18: =ROUNDDOWN(N18/3,0) -> 2 | S18: =N18-Q18-R18 -> 2 | T18: 0 | U18: Drylon
A19: Vapi | B19: Rugs | C19: Packing Line MP | D19: 9 | E19: INA | F19: Tailor | G19: =$E$4 -> 2.1 | H19: 3 tailor/line/shift | I19: (2.1*3)*3 | J19: =G19*3*3 -> 18.9 | L19: 0 | M19: =N19 -> 19 | N19: =ROUND(J19,0) -> 19 | O19: 3 | P19: 0 | Q19: =ROUNDDOWN(N19/3,0) -> 6 | R19: =ROUNDDOWN(N19/3,0) -> 6 | S19: =N19-Q19-R19 -> 7 | T19: 0 | U19: Drylon
A20: Vapi | B20: Rugs | C20: Packing Line MP | D20: 10 | E20: INA | F20: Finisher | G20: =$E$4 -> 2.1 | H20: 6 finisher/line/shift | I20: (2.1*6)*3 | J20: =G20*6*3 -> 37.8 | L20: 0 | M20: =N20 -> 38 | N20: =ROUND(J20,0) -> 38 | O20: 3 | P20: 0 | Q20: =ROUNDDOWN(N20/3,0) -> 12 | R20: =ROUNDDOWN(N20/3,0) -> 12 | S20: =N20-Q20-R20 -> 14 | T20: 0 | U20: Drylon
A21: Vapi | B21: Rugs | C21: Packing Line MP | D21: 11 | E21: INA | F21: Hot Air | G21: =$E$4 -> 2.1 | H21: 2 person/line/shift | I21: (2.1*2)*3 | J21: =G21*2*3 -> 12.6 | L21: 0 | M21: =N21 -> 13 | N21: =ROUND(J21,0) -> 13 | O21: 3 | P21: 0 | Q21: =ROUNDDOWN(N21/3,0) -> 4 | R21: =ROUNDDOWN(N21/3,0) -> 4 | S21: =N21-Q21-R21 -> 5 | T21: 0 | U21: Drylon
A22: Vapi | B22: Rugs | C22: Packing Line MP | D22: 12 | E22: INA | F22: UL & AC | G22: =$E$4 -> 2.1 | H22: 1 person/line/shift | I22: (2.1*1)*3 | J22: =G22*1*3 -> 6.3 | L22: 0 | M22: =N22 -> 6 | N22: =ROUND(J22,0) -> 6 | O22: 3 | P22: 0 | Q22: =ROUNDDOWN(N22/3,0) -> 2 | R22: =ROUNDDOWN(N22/3,0) -> 2 | S22: =N22-Q22-R22 -> 2 | T22: 0 | U22: Drylon
A23: Vapi | B23: Rugs | C23: Packing Line MP | D23: 13 | E23: INA | F23: Gunner | G23: =$E$4 -> 2.1 | H23: 1 person/line/shift | I23: (2.1*1)*3 | J23: =G23*1*3 -> 6.3 | L23: 0 | M23: =N23 -> 6 | N23: =ROUND(J23,0) -> 6 | O23: 3 | P23: 0 | Q23: =ROUNDDOWN(N23/3,0) -> 2 | R23: =ROUNDDOWN(N23/3,0) -> 2 | S23: =N23-Q23-R23 -> 2 | T23: 0 | U23: Drylon
A24: Vapi | B24: Rugs | C24: Packing Line MP | D24: 14 | E24: INA | F24: Poly Packer | G24: =$E$4 -> 2.1 | H24: 4 person/line/shift | I24: (2.1*4)*3 | J24: =G24*4*3 -> 25.2 | L24: 0 | M24: =N24 -> 25 | N24: =ROUND(J24,0) -> 25 | O24: 3 | P24: 0 | Q24: =ROUNDDOWN(N24/3,0) -> 8 | R24: =ROUNDDOWN(N24/3,0) -> 8 | S24: =N24-Q24-R24 -> 9 | T24: 0 | U24: Drylon
A25: Vapi | B25: Rugs | C25: Packing Line MP | D25: 15 | E25: Manual (Chenille) | F25: Loading | G25: =$E$5 -> 2.6 | H25: 1 person/line/shift | I25: (2.6*1)*3 | J25: =G25*1*3 -> 7.8 | L25: 0 | M25: =N25 -> 8 | N25: =ROUND(J25,0) -> 8 | O25: 3 | P25: 0 | Q25: =ROUNDDOWN(N25/3,0) -> 2 | R25: =ROUNDDOWN(N25/3,0) -> 2 | S25: =N25-Q25-R25 -> 4 | T25: 0 | U25: Chenille
A26: Vapi | B26: Rugs | C26: Packing Line MP | D26: 16 | E26: Manual (Chenille) | F26: Tailor | G26: =$E$5 -> 2.6 | H26: 1 tailor/line/shift | I26: (2.6*1)*3 | J26: =G26*1*3 -> 7.8 | L26: 0 | M26: =N26 -> 8 | N26: =ROUND(J26,0) -> 8 | O26: 3 | P26: 0 | Q26: =ROUNDDOWN(N26/3,0) -> 2 | R26: =ROUNDDOWN(N26/3,0) -> 2 | S26: =N26-Q26-R26 -> 4 | T26: 0 | U26: Chenille
A27: Vapi | B27: Rugs | C27: Packing Line MP | D27: 17 | E27: Manual (Chenille) | F27: Finisher | G27: =$E$5 -> 2.6 | H27: 2 finisher/line/shift | I27: (2.6*2)*3 | J27: =G27*2*3 -> 15.6 | L27: 0 | M27: =N27 -> 16 | N27: =ROUND(J27,0) -> 16 | O27: 3 | P27: 0 | Q27: =ROUNDDOWN(N27/3,0) -> 5 | R27: =ROUNDDOWN(N27/3,0) -> 5 | S27: =N27-Q27-R27 -> 6 | T27: 0 | U27: Chenille
A28: Vapi | B28: Rugs | C28: Packing Line MP | D28: 18 | E28: Manual (Chenille) | F28: Hot Air | G28: =$E$5 -> 2.6 | H28: 1 person/line/shift | I28: (2.6*1)*3 | J28: =G28*1*3 -> 7.8 | L28: 0 | M28: =N28 -> 8 | N28: =ROUND(J28,0) -> 8 | O28: 3 | P28: 0 | Q28: =ROUNDDOWN(N28/3,0) -> 2 | R28: =ROUNDDOWN(N28/3,0) -> 2 | S28: =N28-Q28-R28 -> 4 | T28: 0 | U28: Chenille
A29: Vapi | B29: Rugs | C29: Packing Line MP | D29: 19 | E29: Manual (Chenille) | F29: UL & AC | G29: =$E$5 -> 2.6 | H29: 0 person/line/shift | I29: (2.6*0)*3 | J29: =G29*0*3 -> 0 | L29: 0 | M29: =N29 -> 0 | N29: =ROUND(J29,0) -> 0 | O29: 3 | P29: 0 | Q29: =ROUNDDOWN(N29/3,0) -> 0 | R29: =ROUNDDOWN(N29/3,0) -> 0 | S29: =N29-Q29-R29 -> 0 | T29: 0 | U29: Chenille
A30: Vapi | B30: Rugs | C30: Packing Line MP | D30: 20 | E30: Manual (Chenille) | F30: Gunner | G30: =$E$5 -> 2.6 | H30: 1 person/line/shift | I30: (2.6*1)*3 | J30: =G30*1*3 -> 7.8 | L30: 0 | M30: =N30 -> 8 | N30: =ROUND(J30,0) -> 8 | O30: 3 | P30: 0 | Q30: =ROUNDDOWN(N30/3,0) -> 2 | R30: =ROUNDDOWN(N30/3,0) -> 2 | S30: =N30-Q30-R30 -> 4 | T30: 0 | U30: Chenille
A31: Vapi | B31: Rugs | C31: Packing Line MP | D31: 21 | E31: Manual (Chenille) | F31: Poly Packer | G31: =$E$5 -> 2.6 | H31: 4 person/line/shift | I31: (2.6*4)*3 | J31: =G31*4*3 -> 31.2 | L31: 0 | M31: =N31 -> 31 | N31: =ROUND(J31,0) -> 31 | O31: 3 | P31: 0 | Q31: =ROUNDDOWN(N31/3,0) -> 10 | R31: =ROUNDDOWN(N31/3,0) -> 10 | S31: =N31-Q31-R31 -> 11 | T31: 0 | U31: Chenille
A32: Vapi | B32: Rugs | C32: Packing Line MP | D32: 22 | E32: Manual (Cotton) | F32: Loading | G32: =$E$6 -> 0.5 | H32: 1 person/line/shift | I32: (0.5*1)*3 | J32: =G32*1*3 -> 1.5 | L32: 0 | M32: =N32 -> 2 | N32: =ROUND(J32,0) -> 2 | O32: 3 | P32: 0 | Q32: =ROUNDDOWN(N32/3,0) -> 0 | R32: =ROUNDDOWN(N32/3,0) -> 0 | S32: =N32-Q32-R32 -> 2 | T32: 0 | U32: Cotton
A33: Vapi | B33: Rugs | C33: Packing Line MP | D33: 23 | E33: Manual (Cotton) | F33: Tailor | G33: =$E$6 -> 0.5 | H33: 2 tailor/line/shift | I33: (0.5*2)*3 | J33: =G33*2*3 -> 3 | L33: 0 | M33: =N33 -> 3 | N33: =ROUND(J33,0) -> 3 | O33: 3 | P33: 0 | Q33: =ROUNDDOWN(N33/3,0) -> 1 | R33: =ROUNDDOWN(N33/3,0) -> 1 | S33: =N33-Q33-R33 -> 1 | T33: 0 | U33: Cotton
A34: Vapi | B34: Rugs | C34: Packing Line MP | D34: 24 | E34: Manual (Cotton) | F34: Finisher | G34: =$E$6 -> 0.5 | H34: 3 finisher/line/shift | I34: (0.5*3)*3 | J34: =G34*3*3 -> 4.5 | L34: 0 | M34: =N34 -> 5 | N34: =ROUND(J34,0) -> 5 | O34: 3 | P34: 0 | Q34: =ROUNDDOWN(N34/3,0) -> 1 | R34: =ROUNDDOWN(N34/3,0) -> 1 | S34: =N34-Q34-R34 -> 3 | T34: 0 | U34: Cotton
A35: Vapi | B35: Rugs | C35: Packing Line MP | D35: 25 | E35: Manual (Cotton) | F35: Hot Air | G35: =$E$6 -> 0.5 | H35: 1 person/line/shift | I35: (0.5*1)*3 | J35: =G35*1*3 -> 1.5 | L35: 0 | M35: =N35 -> 2 | N35: =ROUND(J35,0) -> 2 | O35: 3 | P35: 0 | Q35: =ROUNDDOWN(N35/3,0) -> 0 | R35: =ROUNDDOWN(N35/3,0) -> 0 | S35: =N35-Q35-R35 -> 2 | T35: 0 | U35: Cotton
A36: Vapi | B36: Rugs | C36: Packing Line MP | D36: 26 | E36: Manual (Cotton) | F36: UL & AC | G36: =$E$6 -> 0.5 | H36: 1 person/line/shift | I36: (0.5*1)*3 | J36: =G36*1*3 -> 1.5 | L36: 0 | M36: =N36 -> 2 | N36: =ROUND(J36,0) -> 2 | O36: 3 | P36: 0 | Q36: =ROUNDDOWN(N36/3,0) -> 0 | R36: =ROUNDDOWN(N36/3,0) -> 0 | S36: =N36-Q36-R36 -> 2 | T36: 0 | U36: Cotton
A37: Vapi | B37: Rugs | C37: Packing Line MP | D37: 27 | E37: Manual (Cotton) | F37: Gunner | G37: =$E$6 -> 0.5 | H37: 1 person/line/shift | I37: (0.5*1)*3 | J37: =G37*1*3 -> 1.5 | L37: 0 | M37: =N37 -> 2 | N37: =ROUND(J37,0) -> 2 | O37: 3 | P37: 0 | Q37: =ROUNDDOWN(N37/3,0) -> 0 | R37: =ROUNDDOWN(N37/3,0) -> 0 | S37: =N37-Q37-R37 -> 2 | T37: 0 | U37: Cotton
A38: Vapi | B38: Rugs | C38: Packing Line MP | D38: 28 | E38: Manual (Cotton) | F38: Poly Packer | G38: =$E$6 -> 0.5 | H38: 4 person/line/shift | I38: (0.5*4)*3 | J38: =G38*4*3 -> 6 | L38: 0 | M38: =N38 -> 6 | N38: =ROUND(J38,0) -> 6 | O38: 3 | P38: 0 | Q38: =ROUNDDOWN(N38/3,0) -> 2 | R38: =ROUNDDOWN(N38/3,0) -> 2 | S38: =N38-Q38-R38 -> 2 | T38: 0 | U38: Cotton
A39: Vapi | B39: Rugs | C39: Packing Support MP | D39: 29 | E39: Packing Support | F39: IMS | G39: 1 | H39: sum of required lines | I39: SUM(2.0+2.1+2.6+0.5) | J39: =SUM($E$3:$E$6)*3 -> 21.6 | L39: 0 | M39: =N39 -> 22 | N39: =ROUND(J39,0) -> 22 | O39: 3 | P39: 0 | Q39: =ROUNDDOWN(N39/3,0) -> 7 | R39: =ROUNDDOWN(N39/3,0) -> 7 | S39: =N39-Q39-R39 -> 8 | T39: 0
A40: Vapi | B40: Rugs | C40: Packing Support MP | D40: 30 | E40: Packing Support | F40: Material Handler | G40: 1 | H40: 4 person/shift | I40: 4*3 | J40: =4*3 -> 12 | L40: 0 | M40: =N40 -> 12 | N40: =ROUND(J40,0) -> 12 | O40: 3 | P40: 0 | Q40: =ROUNDDOWN(N40/3,0) -> 4 | R40: =ROUNDDOWN(N40/3,0) -> 4 | S40: =N40-Q40-R40 -> 4 | T40: 0
A41: Vapi | B41: Rugs | C41: Packing Support MP | D41: 31 | E41: Packing Support | F41: Line Jobber | G41: 1 | H41: sum of required lines | I41: SUM(2.0+2.1+2.6+0.5)*3 | J41: =SUM($E$3:$E$6)*3 -> 21.6 | L41: 0 | M41: =N41 -> 22 | N41: =ROUND(J41,0) -> 22 | O41: 3 | P41: 0 | Q41: =ROUNDDOWN(N41/3,0) -> 7 | R41: =ROUNDDOWN(N41/3,0) -> 7 | S41: =N41-Q41-R41 -> 8 | T41: 0
A42: Vapi | B42: Rugs | C42: Packing Support MP | D42: 32 | E42: Packing Support | F42: Rework (Stain/Coating) | G42: 1 | H42: half of total lines | I42: ROUNDUP(SUM(lines)/2,0)*3 | J42: =ROUNDUP(SUM($E$3:$E$6)/2,0)*3 -> 12 | L42: 0 | M42: =N42 -> 12 | N42: =ROUND(J42,0) -> 12 | O42: 3 | P42: 0 | Q42: =ROUNDDOWN(N42/3,0) -> 4 | R42: =ROUNDDOWN(N42/3,0) -> 4 | S42: =N42-Q42-R42 -> 4 | T42: 0
A43: Vapi | B43: Rugs | C43: Packing Support MP | D43: 33 | E43: Packing Support | F43: Mender | G43: 1 | H43: half of total lines | I43: ROUNDUP(SUM(lines)/2,0)*3 | J43: =ROUNDUP(SUM($E$3:$E$6)/2,0)*3 -> 12 | L43: 0 | M43: =N43 -> 12 | N43: =ROUND(J43,0) -> 12 | O43: 3 | P43: 0 | Q43: =ROUNDDOWN(N43/3,0) -> 4 | R43: =ROUNDDOWN(N43/3,0) -> 4 | S43: =N43-Q43-R43 -> 4 | T43: 0
A44: Vapi | B44: Rugs | C44: Packing Support MP | D44: 34 | E44: Packing Support | F44: Carton Pkg | G44: 1 | H44: 3 x total required lines | I44: SUM(lines)*3*3 | J44: =SUM($E$3:$E$6)*3*3 -> 64.8 | L44: 0 | M44: =N44 -> 65 | N44: =ROUND(J44,0) -> 65 | O44: 3 | P44: 0 | Q44: =ROUNDDOWN(N44/3,0) -> 21 | R44: =ROUNDDOWN(N44/3,0) -> 21 | S44: =N44-Q44-R44 -> 23 | T44: 0
A45: Vapi | B45: Rugs | C45: Packing Support MP | D45: 35 | E45: Packing Support | F45: Carton Pkg jobber | G45: 1 | H45: half of total lines | I45: ROUNDUP(SUM(lines)/2,0)*3 | J45: =ROUNDUP(SUM($E$3:$E$6)/2,0)*3 -> 12 | L45: 0 | M45: =N45 -> 12 | N45: =ROUND(J45,0) -> 12 | O45: 3 | P45: 0 | Q45: =ROUNDDOWN(N45/3,0) -> 4 | R45: =ROUNDDOWN(N45/3,0) -> 4 | S45: =N45-Q45-R45 -> 4 | T45: 0
A46: Vapi | B46: Rugs | C46: Packing Support MP | D46: 36 | E46: Packing Support | F46: LO packing | G46: 1 | H46: ROUNDUP(4/3,0) person/shift | I46: ROUNDUP(4/3,0)*3 | J46: =ROUNDUP(4/3,0)*3 -> 6 | L46: 0 | M46: =N46 -> 6 | N46: =ROUND(J46,0) -> 6 | O46: 3 | P46: 0 | Q46: =ROUNDDOWN(N46/3,0) -> 2 | R46: =ROUNDDOWN(N46/3,0) -> 2 | S46: =N46-Q46-R46 -> 2 | T46: 0
A47: Vapi | B47: Rugs | C47: Packing Support MP | D47: 37 | E47: Packing Support | F47: Carving/ Color Cut | G47: 1 | H47: 7 person/shift | I47: 7*3 | J47: =7*3 -> 21 | L47: 0 | M47: =N47 -> 21 | N47: =ROUND(J47,0) -> 21 | O47: 3 | P47: 0 | Q47: =ROUNDDOWN(N47/3,0) -> 7 | R47: =ROUNDDOWN(N47/3,0) -> 7 | S47: =N47-Q47-R47 -> 7 | T47: 0
A48: Vapi | B48: Rugs | C48: Packing Support MP | D48: 38 | E48: Packing Support | F48: DEO | G48: 1 | H48: 2 person/shift | I48: 2*3 | J48: =2*3 -> 6 | L48: 0 | M48: =N48 -> 6 | N48: =ROUND(J48,0) -> 6 | O48: 3 | P48: 0 | Q48: =ROUNDDOWN(N48/3,0) -> 2 | R48: =ROUNDDOWN(N48/3,0) -> 2 | S48: =N48-Q48-R48 -> 2 | T48: 0
A49: Vapi | B49: Rugs | C49: Packing Support MP | D49: 39 | E49: Packing Support | F49: Metal Detector | G49: 1 | H49: 6 person/shift | I49: 6*3 | J49: =6*3 -> 18 | L49: 0 | M49: =N49 -> 18 | N49: =ROUND(J49,0) -> 18 | O49: 3 | P49: 0 | Q49: =ROUNDDOWN(N49/3,0) -> 6 | R49: =ROUNDDOWN(N49/3,0) -> 6 | S49: =N49-Q49-R49 -> 6 | T49: 0
A50: Vapi | B50: Rugs | C50: Packing Support MP | D50: 40 | E50: Packing Support | F50: Down Grade | G50: 1 | H50: 6 person/shift | I50: 6*3 | J50: =6*3 -> 18 | L50: 0 | M50: =N50 -> 18 | N50: =ROUND(J50,0) -> 18 | O50: 3 | P50: 0 | Q50: =ROUNDDOWN(N50/3,0) -> 6 | R50: =ROUNDDOWN(N50/3,0) -> 6 | S50: =N50-Q50-R50 -> 6 | T50: 0
A51: Vapi | B51: Rugs | C51: Packing Support MP | D51: 41 | E51: Packing Support | F51: DG Jobber | G51: 1 | H51: 1 person/shift | I51: 1*3 | J51: =1*3 -> 3 | L51: 0 | M51: =N51 -> 3 | N51: =ROUND(J51,0) -> 3 | O51: 3 | P51: 0 | Q51: =ROUNDDOWN(N51/3,0) -> 1 | R51: =ROUNDDOWN(N51/3,0) -> 1 | S51: =N51-Q51-R51 -> 1 | T51: 0
A52: Vapi | B52: Rugs | C52: Packing Support MP | D52: 42 | E52: Packing Support | F52: House Keeping | G52: 1 | H52: 2 person/shift | I52: 2*3 | J52: =2*3 -> 6 | L52: 0 | M52: =N52 -> 6 | N52: =ROUND(J52,0) -> 6 | O52: 3 | P52: 0 | Q52: =ROUNDDOWN(N52/3,0) -> 2 | R52: =ROUNDDOWN(N52/3,0) -> 2 | S52: =N52-Q52-R52 -> 2 | T52: 0
A53: Vapi | B53: Rugs | C53: Packing Support MP | D53: 43 | E53: Packing Hot Melt | F53: Hot Melt Operator | G53: 1 | H53: 6 person/shift | I53: 6*3 | J53: =6*3 -> 18 | L53: 0 | M53: =N53 -> 18 | N53: =ROUND(J53,0) -> 18 | O53: 3 | P53: 0 | Q53: =ROUNDDOWN(N53/3,0) -> 6 | R53: =ROUNDDOWN(N53/3,0) -> 6 | S53: =N53-Q53-R53 -> 6 | T53: 0
A54: Vapi | B54: Rugs | C54: Packing Support MP | D54: 44 | E54: Packing Support | F54: Shortfall | G54: 1 | H54: 4 person/shift | I54: 4*3 | J54: =4*3 -> 12 | L54: 0 | M54: =N54 -> 12 | N54: =ROUND(J54,0) -> 12 | O54: 3 | P54: 0 | Q54: =ROUNDDOWN(N54/3,0) -> 4 | R54: =ROUNDDOWN(N54/3,0) -> 4 | S54: =N54-Q54-R54 -> 4 | T54: 0
A55: Vapi | B55: Rugs | C55: Packing Support MP | D55: 45 | E55: Packing Support | F55: Inspection | G55: 1 | H55: 4 person/day | I55: 4 | J55: =4 -> 4 | L55: 0 | M55: =N55 -> 4 | N55: =ROUND(J55,0) -> 4 | O55: 3 | P55: 0 | Q55: =ROUNDDOWN(N55/3,0) -> 1 | R55: =ROUNDDOWN(N55/3,0) -> 1 | S55: =N55-Q55-R55 -> 2 | T55: 0
A56: Vapi | B56: Rugs | C56: Packing Support MP | D56: 46 | E56: Packing Support | F56: Chenille Preparation (Only Sewing Line) | G56: 1 | H56: (Chenille Req/Day/3)/600 | I56: ((11889/3)/600)*3 | J56: =((11889/3)/600)*3 -> 19.815 | L56: 0 | M56: =N56 -> 20 | N56: =ROUND(J56,0) -> 20 | O56: 3 | P56: 0 | Q56: =ROUNDDOWN(N56/3,0) -> 6 | R56: =ROUNDDOWN(N56/3,0) -> 6 | S56: =N56-Q56-R56 -> 8 | T56: 0
A57: Vapi | B57: Rugs | C57: TQM | D57: 47 | E57: Drylon TQM | F57: TQM Per Day | G57: =G3 -> 3.75 | H57: ROUNDUP(TQM*Reqd.Lines,0) per shift | I57: ROUNDUP((3.8*4.1),0)*3 | J57: =ROUNDUP(($G$3*($E$3+$E$4)),0)*3 -> 48 | L57: 0 | M57: =N57 -> 48 | N57: =ROUND(J57,0) -> 48 | O57: 3 | P57: 0 | Q57: =ROUNDDOWN(N57/3,0) -> 16 | R57: =ROUNDDOWN(N57/3,0) -> 16 | S57: =N57-Q57-R57 -> 16 | T57: 0 | U57: Drylon
A58: Vapi | B58: Rugs | C58: TQM | D58: 48 | E58: Drylon TQM | F58: Poly PK AQL | G58: =G3 -> 3.75 | H58: 4 person/shift | I58: 4*3 | J58: =4*3 -> 12 | L58: 0 | M58: =N58 -> 12 | N58: =ROUND(J58,0) -> 12 | O58: 3 | P58: 0 | Q58: =ROUNDDOWN(N58/3,0) -> 4 | R58: =ROUNDDOWN(N58/3,0) -> 4 | S58: =N58-Q58-R58 -> 4 | T58: 0 | U58: Drylon
A59: Vapi | B59: Rugs | C59: TQM | D59: 49 | E59: Drylon TQM | F59: Carton AQL | G59: =G3 -> 3.75 | H59: 5 person/shift | I59: 5*3 | J59: =5*3 -> 15 | L59: 0 | M59: =N59 -> 15 | N59: =ROUND(J59,0) -> 15 | O59: 3 | P59: 0 | Q59: =ROUNDDOWN(N59/3,0) -> 5 | R59: =ROUNDDOWN(N59/3,0) -> 5 | S59: =N59-Q59-R59 -> 5 | T59: 0 | U59: Drylon
A60: Vapi | B60: Rugs | C60: TQM | D60: 50 | E60: Drylon TQM | F60: Carton DEO | G60: =G3 -> 3.75 | H60: 2 person/shift | I60: 2*3 | J60: =2*3 -> 6 | L60: 0 | M60: =N60 -> 6 | N60: =ROUND(J60,0) -> 6 | O60: 3 | P60: 0 | Q60: =ROUNDDOWN(N60/3,0) -> 2 | R60: =ROUNDDOWN(N60/3,0) -> 2 | S60: =N60-Q60-R60 -> 2 | T60: 0 | U60: Drylon
A61: Vapi | B61: Rugs | C61: TQM | D61: 52 | E61: Chenille TQM | F61: TQM Per Day | G61: =G5 -> 1 | H61: ROUNDUP(TQM*Reqd.Lines,0) per shift | I61: ROUNDUP((1.0*2.6),0)*3 | J61: =ROUNDUP(($G$5*$E$5),0)*3 -> 9 | L61: 0 | M61: =N61 -> 9 | N61: =ROUND(J61,0) -> 9 | O61: 3 | P61: 0 | Q61: =ROUNDDOWN(N61/3,0) -> 3 | R61: =ROUNDDOWN(N61/3,0) -> 3 | S61: =N61-Q61-R61 -> 3 | T61: 0 | U61: Chenille
A62: Vapi | B62: Rugs | C62: TQM | D62: 53 | E62: Chenille TQM | F62: Poly PK AQL | G62: =G5 -> 1 | H62: 2 person/shift | I62: 2*3 | J62: =2*3 -> 6 | L62: 0 | M62: =N62 -> 6 | N62: =ROUND(J62,0) -> 6 | O62: 3 | P62: 0 | Q62: =ROUNDDOWN(N62/3,0) -> 2 | R62: =ROUNDDOWN(N62/3,0) -> 2 | S62: =N62-Q62-R62 -> 2 | T62: 0 | U62: Chenille
A63: Vapi | B63: Rugs | C63: TQM | D63: 54 | E63: Chenille TQM | F63: Carton AQL | G63: =G5 -> 1 | H63: 1 person/shift | I63: 1*3 | J63: =1*3 -> 3 | L63: 0 | M63: =N63 -> 3 | N63: =ROUND(J63,0) -> 3 | O63: 3 | P63: 0 | Q63: =ROUNDDOWN(N63/3,0) -> 1 | R63: =ROUNDDOWN(N63/3,0) -> 1 | S63: =N63-Q63-R63 -> 1 | T63: 0 | U63: Chenille
A64: Vapi | B64: Rugs | C64: TQM | D64: 55 | E64: Chenille TQM | F64: Carton DEO | G64: =G5 -> 1 | H64: 1 person/shift | I64: 1*3 | J64: =1*3 -> 3 | L64: 0 | M64: =N64 -> 3 | N64: =ROUND(J64,0) -> 3 | O64: 3 | P64: 0 | Q64: =ROUNDDOWN(N64/3,0) -> 1 | R64: =ROUNDDOWN(N64/3,0) -> 1 | S64: =N64-Q64-R64 -> 1 | T64: 0 | U64: Chenille
A65: Vapi | B65: Rugs | C65: TQM | D65: 56 | E65: Cotton TQM | F65: TQM Per Day | G65: =G6 -> 1.875 | H65: ROUNDUP(TQM*Reqd.Lines,0) per shift | I65: ROUNDUP((1.9*0.5),0)*3 | J65: =ROUNDUP(($G$6*$E$6),0)*3 -> 3 | L65: 0 | M65: =N65 -> 3 | N65: =ROUND(J65,0) -> 3 | O65: 3 | P65: 0 | Q65: =ROUNDDOWN(N65/3,0) -> 1 | R65: =ROUNDDOWN(N65/3,0) -> 1 | S65: =N65-Q65-R65 -> 1 | T65: 0 | U65: Cotton
A66: Vapi | B66: Rugs | C66: TQM | D66: 57 | E66: Cotton TQM | F66: Poly PK AQL | G66: =G6 -> 1.875 | H66: 1 person/shift | I66: 1*3 | J66: =1*3 -> 3 | L66: 0 | M66: =N66 -> 3 | N66: =ROUND(J66,0) -> 3 | O66: 3 | P66: 0 | Q66: =ROUNDDOWN(N66/3,0) -> 1 | R66: =ROUNDDOWN(N66/3,0) -> 1 | S66: =N66-Q66-R66 -> 1 | T66: 0 | U66: Cotton
A67: Vapi | B67: Rugs | C67: TQM | D67: 58 | E67: Cotton TQM | F67: Carton AQL | G67: =G6 -> 1.875 | H67: 0 person/shift | I67: 0 | J67: =0 -> 0 | L67: 0 | M67: =N67 -> 0 | N67: =ROUND(J67,0) -> 0 | O67: 3 | P67: 0 | Q67: =ROUNDDOWN(N67/3,0) -> 0 | R67: =ROUNDDOWN(N67/3,0) -> 0 | S67: =N67-Q67-R67 -> 0 | T67: 0 | U67: Cotton
A68: Vapi | B68: Rugs | C68: TQM | D68: 59 | E68: Cotton TQM | F68: Carton DEO | G68: =G6 -> 1.875 | H68: 0 person/shift | I68: 0 | J68: =0 -> 0 | L68: 0 | M68: =N68 -> 0 | N68: =ROUND(J68,0) -> 0 | O68: 3 | P68: 0 | Q68: =ROUNDDOWN(N68/3,0) -> 0 | R68: =ROUNDDOWN(N68/3,0) -> 0 | S68: =N68-Q68-R68 -> 0 | T68: 0 | U68: Cotton
A69: Vapi | B69: Rugs | C69: TQM Other Support | D69: 60 | E69: Other Support | F69: Dyeing | G69: 1 | H69: 1 person/shift | I69: 1*3 | J69: =1*3 -> 3 | L69: 0 | M69: =N69 -> 3 | N69: =ROUND(J69,0) -> 3 | O69: 3 | P69: 0 | Q69: =ROUNDDOWN(N69/3,0) -> 1 | R69: =ROUNDDOWN(N69/3,0) -> 1 | S69: =N69-Q69-R69 -> 1 | T69: 0
A70: Vapi | B70: Rugs | C70: TQM Other Support | D70: 61 | E70: Other Support | F70: Coating | G70: 1 | H70: 1 person/shift | I70: 1*3 | J70: =1*3 -> 3 | L70: 0 | M70: =N70 -> 3 | N70: =ROUND(J70,0) -> 3 | O70: 3 | P70: 0 | Q70: =ROUNDDOWN(N70/3,0) -> 1 | R70: =ROUNDDOWN(N70/3,0) -> 1 | S70: =N70-Q70-R70 -> 1 | T70: 0
A71: Vapi | B71: Rugs | C71: TQM Other Support | D71: 62 | E71: Other Support | F71: Che Spng | G71: 1 | H71: 1 person/shift | I71: 1*3 | J71: =1*3 -> 3 | L71: 0 | M71: =N71 -> 3 | N71: =ROUND(J71,0) -> 3 | O71: 3 | P71: 0 | Q71: =ROUNDDOWN(N71/3,0) -> 1 | R71: =ROUNDDOWN(N71/3,0) -> 1 | S71: =N71-Q71-R71 -> 1 | T71: 0
A72: Vapi | B72: Rugs | C72: TQM Other Support | D72: 63 | E72: Other Support | F72: MT | G72: 1 | H72: 1 person/2 shifts | I72: 1*2 | J72: =1*2 -> 2 | L72: 0 | M72: =N72 -> 2 | N72: =ROUND(J72,0) -> 2 | O72: 3 | P72: 0 | Q72: =ROUNDDOWN(N72/3,0) -> 0 | R72: =ROUNDDOWN(N72/3,0) -> 0 | S72: =N72-Q72-R72 -> 2 | T72: 0
A73: Vapi | B73: Rugs | C73: TQM Other Support | D73: 64 | E73: Other Support | F73: TT | G73: 1 | H73: 1 person/1 shift | I73: 1*1 | J73: =1*1 -> 1 | L73: 0 | M73: =N73 -> 1 | N73: =ROUND(J73,0) -> 1 | O73: 3 | P73: 0 | Q73: =ROUNDDOWN(N73/3,0) -> 0 | R73: =ROUNDDOWN(N73/3,0) -> 0 | S73: =N73-Q73-R73 -> 1 | T73: 0
A74: Vapi | B74: Rugs | C74: TQM Other Support | D74: 65 | E74: Other Support | F74: Sample | G74: 1 | H74: 1 person/shift | I74: 1*3 | J74: =1*3 -> 3 | L74: 0 | M74: =N74 -> 3 | N74: =ROUND(J74,0) -> 3 | O74: 3 | P74: 0 | Q74: =ROUNDDOWN(N74/3,0) -> 1 | R74: =ROUNDDOWN(N74/3,0) -> 1 | S74: =N74-Q74-R74 -> 1 | T74: 0
A75: Vapi | B75: Rugs | C75: TQM Other Support | D75: 66 | E75: Other Support | F75: Lab | G75: 2 | H75: 2 person/shift | I75: 2*3 | J75: =2*3 -> 6 | L75: 0 | M75: =N75 -> 6 | N75: =ROUND(J75,0) -> 6 | O75: 3 | P75: 0 | Q75: =ROUNDDOWN(N75/3,0) -> 2 | R75: =ROUNDDOWN(N75/3,0) -> 2 | S75: =N75-Q75-R75 -> 2 | T75: 0
A76: Vapi | B76: Rugs | C76: TQM Other Support | D76: 67 | E76: Other Support | F76: Inspection | G76: 1 | H76: 1 person/shift | I76: 1*3 | J76: =1*3 -> 3 | L76: 0 | M76: =N76 -> 3 | N76: =ROUND(J76,0) -> 3 | O76: 3 | P76: 0 | Q76: =ROUNDDOWN(N76/3,0) -> 1 | R76: =ROUNDDOWN(N76/3,0) -> 1 | S76: =N76-Q76-R76 -> 1 | T76: 0
A77: Vapi | B77: Rugs | C77: TQM Other Support | D77: 68 | E77: Other Support | F77: Cut | G77: 2 | H77: 2 person/2 shifts | I77: 2*2 | J77: =2*2 -> 4 | L77: 0 | M77: =N77 -> 4 | N77: =ROUND(J77,0) -> 4 | O77: 3 | P77: 0 | Q77: =ROUNDDOWN(N77/3,0) -> 1 | R77: =ROUNDDOWN(N77/3,0) -> 1 | S77: =N77-Q77-R77 -> 2 | T77: 0
A78: Vapi | B78: Rugs | C78: TQM Other Support | D78: 69 | E78: Other Support | F78: Piping | G78: 1 | H78: 1 person/2 shifts | I78: 1*2 | J78: =1*2 -> 2 | L78: 0 | M78: =N78 -> 2 | N78: =ROUND(J78,0) -> 2 | O78: 3 | P78: 0 | Q78: =ROUNDDOWN(N78/3,0) -> 0 | R78: =ROUNDDOWN(N78/3,0) -> 0 | S78: =N78-Q78-R78 -> 2 | T78: 0
A79: Vapi | B79: Rugs | C79: TQM Other Support | D79: 70 | E79: Other Support | F79: TQM Line Jobber | G79: 1 | H79: 1 person/shift | I79: 1*3 | J79: =1*3 -> 3 | L79: 0 | M79: =N79 -> 3 | N79: =ROUND(J79,0) -> 3 | O79: 3 | P79: 0 | Q79: =ROUNDDOWN(N79/3,0) -> 1 | R79: =ROUNDDOWN(N79/3,0) -> 1 | S79: =N79-Q79-R79 -> 1 | T79: 0
A80: Vapi | B80: Rugs | C80: TQM Other Support | D80: 71 | E80: Other Support | F80: In-coming | G80: 1 | H80: 1 person/shift | I80: 1*3 | J80: =1*3 -> 3 | L80: 0 | M80: =N80 -> 3 | N80: =ROUND(J80,0) -> 3 | O80: 3 | P80: 0 | Q80: =ROUNDDOWN(N80/3,0) -> 1 | R80: =ROUNDDOWN(N80/3,0) -> 1 | S80: =N80-Q80-R80 -> 1 | T80: 0

Sheet Dye_Mc
A1: MACHINE | B1: CAPACITY | C1: CHENILLE | D1: COTTON | E1: DRYLON | F1: Machine_count | G1: Machine_count * DRYLON or Machine_count * COTTON | H1: DRYLON_Production | I1: MC | J1: EZM | K1: Paddle
A2: EZM-01 | B2: 120 | E2: 943.0344 | F2: 1 | G2: 943.0344 | H2: 40066.828 | I2: Drylon | J2: 10 | K2: 5
A3: EZM-02 | B3: 120 | E3: 943.0344 | F3: 1 | G3: 943.0344 | H3: COTTON_Production | I3: Cotton | J3: 0 | K3: 2
A4: EZM-03 | B4: 120 | E4: 943.0344 | F4: 1 | G4: 943.0344 | H4: 2365.3196 | I4: Total | J4: 10 | K4: 7
A5: EZM-04 | B5: 120 | E5: 943.0344 | F5: 1 | G5: 943.0344 | I5: Avail | J5: 14 | K5: 17
A6: EZM-05 | B6: 120 | E6: 943.0344 | F6: 1 | G6: 943.0344 | I6: Short/Excess | J6: 4 | K6: 10
A7: EZM-06 | B7: 120 | E7: 943.0344 | F7: 0 | G7: 0
A8: EZM-07 | B8: 220 | E8: 1728.8964 | F8: 1 | G8: 1728.8964
A9: EZM-08 | B9: 220 | E9: 1728.8964 | F9: 1 | G9: 1728.8964
A10: EZM-09 | B10: 220 | E10: 1728.8964 | F10: 1 | G10: 1728.8964
A11: EZM-10 | B11: 220 | E11: 1728.8964 | F11: 1 | G11: 1728.8964
A12: EZM-11 | B12: 220 | E12: 1728.8964 | F12: 1 | G12: 1728.8964
A13: EZM012 | B13: 220 | E13: 1728.8964 | F13: 0 | G13: 0
A14: PD-03 | B14: 1050 | E14: 6417.873 | F14: 2 | G14: =F14*E14 -> 12835.746
A15: PD-04 | B15: 1050 | E15: 6417.873 | F15: 1 | G15: =F15*E15 -> 6417.873
A16: PD-07 | B16: 750 | E16: 4584.195 | F16: 0 | G16: =F16*E16 -> 0
A17: PD-08 | B17: 750 | E17: 4584.195 | F17: 1 | G17: =F17*E17 -> 4584.195
A18: PD-09 | B18: 500 | E18: 3056.13 | F18: 1 | G18: =F18*E18 -> 3056.13
A19: EZM-12 | B19: 220 | D19: 441.936 | F19: 0 | G19: 0
A20: EZM-13 | B20: 220 | D20: 441.936 | F20: 0 | G20: 0
A21: EZM-14 | B21: 220 | D21: 441.936 | F21: 0 | G21: 0
A22: EZM-15 | B22: 220 | D22: 441.936 | F22: 0 | G22: 0
A23: PD-01 | B23: 1050 | D23: 1792.854 | F23: 1 | G23: 1792.854
A24: PD-02 | B24: 1050 | D24: 1792.854 | F24: 1 | G24: 1792.854
A25: PD-05 | B25: 1050 | D25: 1792.854 | F25: 0 | G25: 0
A26: PD-06 | B26: 1050 | D26: 1792.854 | F26: 0 | G26: 0
A27: PD-10 | B27: 300 | D27: 512.244 | F27: 0 | G27: 0
A28: PD-11 | B28: 300 | D28: 512.244 | F28: 0 | G28: 0
A29: PD-12 | B29: 1050 | D29: 1792.854 | F29: 0 | G29: 0
A30: PD-13 | B30: 1050 | D30: 1792.854 | F30: 0 | G30: 0
... A34: PD-17 | B34: 1050 | D34: 1792.854 | F34: 0 | G34: 0

Sheet Hydro 
A1: Efficiency | B1: Required Pcs | C1: additional Req | D1: M/s Capacity Proposed | E1: No. Of Batch | F1: Prod/mc/day (Kgs) | G1: Pcs/day/mc | H1: Total M/c Req
A2: 95 | B2: =Capacity!F2+Capacity!F3+Capacity!F5 -> 43452.538 | D2: 220 | E2: 36 | F2: =E2*D2*A2% -> 7524 | G2: =F2*0.98 -> 7373.52 | H2: =ROUND(B2/F2,0) -> 6

Sheet Packing
A1: Main_Group | B1: Sub_Group | C1: Category | D1: Subcategory | E1: Asking_Rate_Per_Day
A2: Packing | C2: Packing | D2: Carving | E2: 244
A3: Packing | C3: Packing | D3: Chenile | E3: 11889
A4: Packing | C4: Packing | D4: non carving | E4: 1994
A5: Packing | C5: Packing | D5: Roll | E5: 354
A6: Packing | C6: Packing | D6: Rugs | E6: 53481
A7: Packing | C7: Packing | D7: Grand Total | E7: 67963
A8: Packing | C8: Packing | D8: Repacking/buffer/DG | E8: 2080
A9: C&S | B9: Overedging | C9: Stitching Type | D9: Drylon Washing | E9: 10247
A10: C&S | B10: Overedging | C10: Stitching Type | D10: Non dyeing | E10: 1190
A11: C&S | B11: Overedging | C11: Stitching Type | D11: tumble | E11: 13563
A12: C&S | B12: Overedging | C12: Stitching Type | D12: Overedging Total | E12: 24999
A13: C&S | B13: Union | C13: Stitching Type | D13: Cotton dyeing | E13: 617
A14: C&S | B14: Union | C14: Stitching Type | D14: Drylon Washing | E14: 28424
A15: C&S | B15: Union | C15: Stitching Type | D15: Polyester dyeing | E15: 12257
A16: C&S | B16: Union | C16: Stitching Type | D16: Union Total | E16: 41297
A17: C&S | C17: Stitching Type | D17: Grand Total | E17: 66296
A18: Grey Issue | C18: Process | D18: Cotton dyeing | E18: 2294
A19: Grey Issue | C19: Process | D19: Drylon Washing | E19: 38670
A20: Grey Issue | C20: Process | D20: Non dyeing | E20: 1190
A21: Grey Issue | C21: Process | D21: Polyester dyeing | E21: 12257
A22: Grey Issue | C22: Process | D22: tumble | E22: 13563
A23: Grey Issue | C23: Process | D23: Grand Total | E23: 67973
A24: Processing | C24: Process | D24: Cotton dyeing | E24: 2365
A25: Processing | C25: Process | D25: Drylon Washing | E25: 40067
A26: Processing | C26: Process | D26: Polyester dyeing | E26: 12257
A27: Processing | C27: Process | D27: MT (PC/Day) | E27: =(54.42*1.1)*3.9 -> 233.4618
A28: Processing | C28: Process | D28: TT (PC/Day) | E28: =E24-E27 -> 2131.5382
A29: Processing | C29: Process | D29: Grand Total | E29: 54689
A30: Coating | C30: Coating | D30: cotton | E30: 81
A31: Coating | C31: Coating | D31: Foam | E31: 6881
A32: Coating | C32: Coating | D32: Grand Total | E32: 6962
A33: Machine Tufting | C33: M/c | D33: 1/8 Cut | E33: 1201
A34: Machine Tufting | C34: M/c | D34: 1/8 MLCL | E34: 1696
A35: Machine Tufting | C35: M/c | D35: 1/10 Loop | E35: 149
A36: Machine Tufting | C36: M/c | D36: 3/8 Cut | E36: 375
A37: Machine Tufting | C37: M/c | D37: 3/8 Loop | E37: 1505
A38: Machine Tufting | C38: M/c | D38: Grand Total | E38: 4926
A39: Table Tufting | C39: M/c | D39: 1/4 Rev | E39: 611
A40: Table Tufting | C40: M/c | D40: 3/16 Cut | E40: 1067
A41: Table Tufting | C41: M/c | D41: Grand Total | E41: 1677

Sheet Capacity
A1: VAPI Location | B1: Avg. area/Pcs | C1: PCS /DAY | D1: MTR/ DAY | E1: Lac SQM/ Month | F1: PCS /DAY | G1: MTR/ DAY | H1: Lac SQM/ Month
A2: Cotton-M/C Tufting | B2: 0.41 | C2: 7000 | D2: =C2*B2/3.9 -> 735.89744 | E2: =C2*B2*30/100000 -> 0.861 | F2: =Packing!E27 -> 233.4618 | G2: =F2*B2/3.9 -> 24.54342 | H2: =F2*B2*30/100000 -> 0.028715801
A3: Cotton-Table Tufting | B3: 0.4 | C3: 5000 | D3: =C3*B3/3.9 -> 512.82051 | E3: =C3*B3*30/100000 -> 0.6 | F3: =Packing!E28 -> 2131.5382 | G3: =F3*B3/3.9 -> 218.6193 | H3: =F3*B3*30/100000 -> 0.25578458
A4: Chenille | B4: 0.4 | C4: 28000 | D4: =C4*B4/3.9 -> 2871.7949 | E4: =C4*B4*30/100000 -> 3.36 | F4: =Packing!E3 -> 11889 | G4: =F4*B4/3.9 -> 1219.3846 | H4: =F4*B4*30/100000 -> 1.42668
A5: Bath Rugs (Wash) | B5: 0.42 | C5: 47000 | D5: =C5*B5/3.9 -> 5061.5385 | E5: =C5*B5*30/100000 -> 5.922 | F5: =Packing!E7-F2-F4-F6 -> 41087.538 | G5: =F5*B5/3.9 -> 4424.8118 | H5: =F5*B5*30/100000 -> 5.1770298
A6: Bath Rugs (Non- Wash with Tumble) | B6: 0.42 | C6: 9700 | D6: =C6*B6/3.9 -> 1044.6154 | E6: =C6*B6*30/100000 -> 1.2222 | F6: =Packing!E10+Packing!E11 -> 14753 | G6: =F6*B6/3.9 -> 1588.7846 | H6: =F6*B6*30/100000 -> 1.858878
C7: =SUM(C2:C6) -> 96700 | D7: =SUM(D2:D6) -> 10226.667 | E7: =SUM(E2:E6) -> 11.9652 | F7: =SUM(F2:F6) -> 70094.538 | G7: =SUM(G2:G6) -> 7476.1438 | H7: =SUM(H2:H6) -> 8.7470882

Sheet Coating
A1: Parameter | B1: Material | C1: Value
A2: Speed | B2: Cotton | C2: 5.5
A3: Speed | B3: Drylon | C3: 7
A4: Efficiency | B4: Cotton | C4: 0.9
A5: Efficiency | B5: Drylon | C5: 0.9
A6: Utilisation | B6: Cotton | C6: 0.97
A7: Utilisation | B7: Drylon | C7: 0.97
A8: Effective Production | B8: Cotton | C8: =C2*1400*C5*C6 -> 6722.1
A9: Effective Production | B9: Drylon | C9: =C3*1400*C5*C7 -> 8555.4
A10: Required Production | B10: Cotton | C10: 0
A11: Required Production | B11: Drylon | C11: =SUM(Capacity!G5:G6)*1.05 -> 6314.2762
A12: Machines Required | B12: Cotton | C12: =IFERROR(C8/C10,0) -> 0
A13: Machines Required | B13: Drylon | C13: =C11/C9 -> 0.73804571
A14: Machines Required | B14: Total | C14: =ROUND(0.718,0) -> 1

Sheet CS
A1: Section | B1: Process | C1: Metric | D1: Value
A2: Production | B2: Cotton Dyeing (TT) | C2: Pcs/Day | D2: =Capacity!F3 -> 2131.5382
A3: Production | B3: Cotton Dyeing (TT) | C3: Pcs/Month | D3: =D2*25 -> 53288.455
A4: Production | B4: Cotton Dyeing (TT) | C4: Linear Mtr | D4: 0
A5: Production | B5: Cotton Dyeing (TT) | C5: Union | D5: 0
A6: Production | B6: Cotton Dyeing (TT) | C6: Mat | D6: 0
A7: Production | B7: Cotton Dyeing (TT) | C7: Shape/Design | D7: 0
A8: Production | B8: Cotton Dyeing (TT) | C8: Over Edging | D8: 0
A9: Production | B9: Cotton Dyeing (MT) | C9: Pcs/Day | D9: =Capacity!F2 -> 233.4618
A10: Production | B10: Cotton Dyeing (MT) | C10: Pcs/Month | D10: =D9*25 -> 5836.545
A11: Production | B11: Cotton Dyeing (MT) | C11: Linear Mtr | D11: =Capacity!G2 -> 24.54342
A12: Production | B12: Cotton Dyeing (MT) | C12: Union | D12: =D9 -> 233.4618
A13: Production | B13: Cotton Dyeing (MT) | C13: Mat | D13: =D9 -> 233.4618
A14: Production | B14: Cotton Dyeing (MT) | C14: Shape/Design | D14: 0
A15: Production | B15: Cotton Dyeing (MT) | C15: Over Edging | D15: 0
A16: Production | B16: Drylon (Washing) | C16: Pcs/Day | D16: =Capacity!F5 -> 41087.538
A17: Production | B17: Drylon (Washing) | C17: Pcs/Month | D17: =D16*25 -> 1027188.5
A18: Production | B18: Drylon (Washing) | C18: Linear Mtr | D18: =Capacity!G5 -> 4424.8118
A19: Production | B19: Drylon (Washing) | C19: Union | D19: =D16*0.85 -> 34924.407
A20: Production | B20: Drylon (Washing) | C20: Over Edging | D20: =(D16-D19) -> 6163.1307
A21: Production | B21: Drylon (Washing) | C21: Mat | D21: =D16*0.5 -> 20543.769
A22: Production | B22: Drylon (Washing) | C22: Shape/Design | D22: 1000
A23: Production | B23: Drylon_Rugs (Non_Washing) | C23: Pcs/Day | D23: =Capacity!F6 -> 14753
A24: Production | B24: Drylon_Rugs (Non_Washing) | C24: Pcs/Month | D24: =D23*25 -> 368825
A25: Production | B25: Drylon_Rugs (Non_Washing) | C25: Linear Mtr | D25: =Capacity!G6 -> 1588.7846
A26: Production | B26: Drylon_Rugs (Non_Washing) | C26: Union | D26: 0
A27: Production | B27: Drylon_Rugs (Non_Washing) | C27: Over Edging | D27: =D23 -> 14753
A28: Production | B28: Drylon_Rugs (Non_Washing) | C28: Mat | D28: =D27-D29 -> 7253
A29: Production | B29: Drylon_Rugs (Non_Washing) | C29: Shape/Design | D29: 7500
A30: Production | B30: Carpet_Rolling | C30: Pcs/Day | D30: 0
A31: Production | B31: Carpet_Rolling | C31: Pcs/Month | D31: =D30*25 -> 0
A32: Production | B32: Carpet_Rolling | C32: Linear Mtr | D32: 0
A33: Production | B33: Carpet_Rolling | C33: Union | D33: 0
A34: Production | B34: Carpet_Rolling | C34: Over Edging | D34: 0
A35: Production | B35: Carpet_Rolling | C35: Mat | D35: 0
A36: Production | B36: Carpet_Rolling | C36: Shape/Design | D36: 0
A37: Production | B37: Chenille | C37: Pcs/Day | D37: =Capacity!F4 -> 11889
A38: Production | B38: Chenille | C38: Pcs/Month | D38: =D37*25 -> 297225
A39: Production | B39: Chenille | C39: Linear Mtr | D39: 0
A40: Production | B40: Chenille | C40: Union | D40: =D37 -> 11889
A41: Production | B41: Chenille | C41: Over Edging | D41: 0
A42: Production | B42: Chenille | C42: Mat | D42: 0
A43: Production | B43: Chenille | C43: Shape/Design | D43: 0
A44: Production | B44: Total Pcs | C44: Pcs/Day | D44: =D2+D9+D16+D23+D30+D37 -> 70094.538
A45: Production | B45: Total Pcs | C45: Pcs/Month | D45: =D3+D10+D17+D24+D31+D38 -> 1752363.5
A46: Production | B46: Total Pcs | C46: Linear Mtr | D46: =D4+D11+D18+D25+D32+D39 -> 6038.1398
A47: Production | B47: Total Pcs | C47: Union | D47: =D5+D12+D19+D26+D33+D40 -> 47046.869
A48: Production | B48: Total Pcs | C48: Over Edging | D48: =D8+D15+D20+D27+D34+D41 -> 20916.131
A49: Production | B49: Total Pcs | C49: Mat | D49: 28030
A50: Production | B50: Total Pcs | C50: Shape/Design | D50: =D7+D14+D22+D29+D36+D43 -> 8500
A51: Production | B51: Total In SqMtr | C51: Pcs/Day | D51: =Capacity!H7 -> 8.7470882
A52: Production | B52: Total In SqMtr | C52: Pcs/Month | D52: =D51*30 -> 262.41265
A53: Production | B53: Total In SqMtr | C53: Shape/Design | D53: =D44-D37-D50-D49 -> 21675.538
A54: Machine | B54: Length Cutting M/C | C54: Existing Capacity/MC | D54: =13*60*24*0.8*0.65 -> 9734.4
A55: Machine | B55: Length Cutting M/C | C55: Requirements/day | D55: =D46 -> 6038.1398
A56: Machine | B56: Length Cutting M/C | C56: Total M/C Reqd | D56: =D55/D54 -> 0.62028886
A57: Machine | B57: Length Cutting M/C | C57: Existing MCs available | D57: 1
A58: Machine | B58: Length Cutting M/C | C58: New M/C Reqd | D58: =D56-D57 -> -0.37971114
A59: Machine | B59: Cross cutting M/C | C59: Existing Capacity/MC | D59: =10*60*24*0.8 -> 11520
A60: Machine | B60: Cross cutting M/C | C60: Requirements/day | D60: =D49 -> 28030
A61: Machine | B61: Cross cutting M/C | C61: Total M/C Reqd | D61: =D60/D59 -> 2.4331597
A62: Machine | B62: Cross cutting M/C | C62: Existing MCs available | D62: 5
A63: Machine | B63: Cross cutting M/C | C63: New M/C Reqd | D63: =D61-D62 -> -2.5668403
A64: Machine | B64: Printed / Manual cutting | C64: Existing Capacity/MC | D64: 750
A65: Machine | B65: Printed / Manual cutting | C65: Requirements/day | D65: =D53 -> 21675.538
A66: Machine | B66: Printed / Manual cutting | C66: Total M/C Reqd | D66: =D65/D64 -> 28.900718
A67: Machine | B67: Printed / Manual cutting | C67: Existing MCs available | D67: 43
A68: Machine | B68: Shape cutting M/C | C68: Existing Capacity/MC | D68: 14000
A69: Machine | B69: Shape cutting M/C | C69: Requirements/day | D69: =D50 -> 8500
A70: Machine | B70: Shape cutting M/C | C70: Total M/C Reqd | D70: =D69/D68 -> 0.60714286
A71: Machine | B71: Shape cutting M/C | C71: Existing MCs available | D71: 1
A72: Machine | B72: Shape cutting M/C | C72: New M/C Reqd | D72: =D70-D71 -> -0.39285714
A73: Machine | B73: Length Over edging(Rugs) | C73: Existing Capacity/MC | D73: =7*60*24*0.82 -> 8265.6
A74: Machine | B74: Length Over edging(Rugs) | C74: Requirements/day | D74: =D20+D27 -> 20916.131
A75: Machine | B75: Length Over edging(Rugs) | C75: Total M/C Reqd | D75: =D74/D73 -> 2.5305036
A76: Machine | B76: Length Over edging(Rugs) | C76: Existing MCs available | D76: 2
A77: Machine | B77: Length Over edging(Rugs) | C77: New M/C Reqd | D77: =D75-D76 -> 0.53050362
A78: Machine | B78: Length Over edging(carpet) | C78: Existing Capacity/MC | D78: =6*60*24*0.82/1.7 -> 4167.5294
A79: Machine | B79: Length Over edging(carpet) | C79: Requirements/day | D79: =D30*0 -> 0
A80: Machine | B80: Length Over edging(carpet) | C80: Total M/C Reqd | D80: =D79/D78 -> 0
A81: Machine | B81: Length Over edging(carpet) | C81: Existing MCs available | D81: 0
A82: Machine | B82: Length Over edging(carpet) | C82: New M/C Reqd | D82: 0
A83: Machine | B83: Tape Binding | C83: Existing Capacity/MC | D83: 1300
A84: Machine | B84: Tape Binding | C84: Requirements/day | D84: =D47 -> 47046.869
A85: Machine | B85: Tape Binding | C85: Total M/C Reqd | D85: =D84/D83 -> 36.189899
A86: Machine | B86: Tape Binding | C86: Existing MCs available | D86: 57
A87: Machine | B87: Tape Binding | C87: New M/C Reqd | D87: =D85-D86 -> -20.810101
A88: Machine | B88: Over edging for Rugs | C88: Existing Capacity/MC | D88: 1200
A89: Machine | B89: Over edging for Rugs | C89: Requirements/day | D89: =D20+D27 -> 20916.131
A90: Machine | B90: Over edging for Rugs | C90: Total M/C Reqd | D90: =D89/D88 -> 17.430109
A91: Machine | B91: Over edging for Rugs | C91: Existing MCs available | D91: 35
A92: Machine | B92: Over edging for Rugs | C92: New M/C Reqd | D92: =D90-D91 -> -17.569891
A93: Machine | B93: Bartack | C93: Existing Capacity/MC | D93: 3400
A94: Machine | B94: Bartack | C94: Requirements/day | D94: =D47+D48 -> 67963
A95: Machine | B95: Bartack | C95: Total M/C Reqd | D95: =D94/D93 -> 19.989118
A96: Machine | B96: Bartack | C96: Existing MCs available | D96: 26
A97: Machine | B97: Bartack | C97: New M/C Reqd | D97: =D95-D96 -> -6.0108824
A98: Machine | B98: Over Lock | C98: Total M/C Reqd | D98: 8
A99: Machine | B99: Over Lock | C99: Existing MCs available | D99: 3
A100: Machine | B100: Over Lock | C100: New M/C Reqd | D100: 5
...
